ref_position,residue,js_score,percentile
1,M,0.13658088025564785,99.04153354632588
2,P,0.08600948012745059,36.102236421725244
3,V,0.09106362171180131,45.68690095846645
4,A,0.08994477085496073,42.81150159744409
5,G,0.07416949658604616,16.61341853035144
6,S,0.07140630144589398,12.779552715654951
7,E,0.0717813702606414,13.738019169329075
8,L,0.07560914845611437,19.169329073482427
9,P,0.08150012692098847,28.434504792332266
10,R,0.09284711035371673,50.159744408945684
11,R,0.09016297565115204,43.13099041533546
12,P,0.09314372028107998,50.798722044728436
13,L,0.06335541684385071,5.431309904153355
14,P,0.04739603434597236,0.9584664536741214
15,P,0.05659871904015099,2.5559105431309903
16,A,0.06327404513744977,5.111821086261981
17,A,0.07225622712745385,14.376996805111823
18,Q,0.0725930094385787,14.696485623003195
19,E,0.06276074109257458,4.472843450479233
20,R,0.06030874565159739,3.8338658146964857
21,D,0.0643827964284805,6.070287539936102
22,A,0.07610141820742215,20.447284345047922
23,E,0.07035130738527161,10.543130990415335
24,P,0.057252706166063344,2.8753993610223643
25,R,0.04395232955950182,0.6389776357827476
26,P,0.042394392779945646,0.3194888178913738
27,P,0.05483368848903477,1.5974440894568689
28,H,0.056292897306828876,2.2364217252396164
29,G,0.06778144981502864,7.0287539936102235
30,E,0.06938065992928806,9.584664536741213
31,L,0.07289626117840271,15.015974440894569
32,Q,0.07156524463999797,13.258785942492013
33,Y,0.07156524463999797,13.258785942492013
34,L,0.07577165413571352,19.808306709265175
35,G,0.07569384191870136,19.488817891373802
36,Q,0.07065191357947222,11.182108626198083
37,I,0.07521238845535431,18.53035143769968
38,Q,0.0847650902762797,32.587859424920126
39,H,0.09064678179146464,44.40894568690096
40,I,0.08665193782305669,37.38019169329074
41,L,0.09650829653122617,58.146964856230035
42,R,0.10979509452910734,85.3035143769968
43,C,0.10899651505287171,82.42811501597444
44,G,0.0993236967408041,64.85623003194888
45,V,0.08775023937858344,39.61661341853035
46,R,0.08754221193580708,38.977635782747605
47,K,0.08649732656473148,37.06070287539936
48,D,0.08940480031781704,41.853035143769965
49,D,0.09659386175241898,58.78594249201278
50,R,0.10034310388785032,66.45367412140575
51,T,0.10900742812703879,82.74760383386581
52,G,0.10316340386522503,72.52396166134186
53,T,0.09419632769438424,53.35463258785943
54,G,0.1040310673625665,74.12140575079871
55,T,0.11351180179409164,90.09584664536742
56,L,0.11916123539531531,93.61022364217251
57,S,0.09789033608867653,61.66134185303515
58,V,0.0973273753306902,60.063897763578275
59,F,0.10206836755004554,70.92651757188499
60,G,0.10899002287204301,82.10862619808307
61,M,0.10845387067230512,81.15015974440894
62,Q,0.09725901590689827,59.7444089456869
63,A,0.09094244950207109,45.04792332268371
64,R,0.09223866822797526,48.242811501597444
65,Y,0.09759875067068298,61.0223642172524
66,S,0.10953309545304808,83.70607028753993
67,L,0.10001326712990893,65.49520766773162
68,R,0.09536916720356912,55.59105431309904
69,D,0.09326457310796055,51.43769968051119
70,E,0.10525276056977502,75.71884984025559
71,F,0.10291707266180171,72.20447284345049
72,P,0.10276694173333233,71.8849840255591
73,L,0.09269233612288101,49.201277955271564
74,L,0.10194026936305244,70.28753993610223
75,T,0.07398979273108182,15.974440894568689
76,T,0.07051045779821433,10.86261980830671
77,K,0.09608558830974845,56.86900958466453
78,R,0.11553952644691627,91.3738019169329
79,V,0.12136159074292156,95.84664536741214
80,F,0.12008413953119139,94.56869009584665
81,W,0.11046381024085065,86.90095846645367
82,K,0.11295225201398722,89.45686900958466
83,G,0.1097164169864999,84.66453674121406
84,V,0.09640736828292978,57.82747603833865
85,L,0.09320904007266954,51.118210862619804
86,E,0.07407988000985934,16.293929712460063
87,E,0.09802911109782726,61.980830670926515
88,L,0.10100431888287949,67.73162939297124
89,L,0.09913167212406697,64.21725239616613
90,W,0.09504766243344231,54.9520766773163
91,F,0.0977118800579156,61.34185303514377
92,I,0.09065159299460918,44.72843450479233
93,K,0.08841801285580857,40.894568690095845
94,G,0.08946383860042989,42.17252396166134
95,S,0.10198032751364576,70.6070287539936
96,T,0.10063839558453098,67.0926517571885
97,N,0.08203929001275423,29.073482428115017
98,A,0.09891632861438504,63.578274760383394
99,K,0.11480241051512918,91.05431309904152
100,E,0.11371697023021936,90.41533546325878
101,L,0.11205113454220249,88.81789137380191
102,S,0.10528453860132729,76.03833865814697
103,S,0.09209622679220242,47.92332268370607
104,K,0.08286344271285073,30.031948881789138
105,G,0.0929572598642205,50.47923322683706
106,V,0.0951632976366244,55.27156549520767
107,K,0.11033436899838893,86.5814696485623
108,I,0.087721164264381,39.29712460063898
109,W,0.10142261341716281,69.00958466453673
110,D,0.10597113475508313,76.99680511182109
111,A,0.10380252159664283,73.80191693290735
112,N,0.10825321472754094,80.5111821086262
113,G,0.11172196581140843,88.17891373801918
114,S,0.10837907261521769,80.83067092651757
115,R,0.10103292659427282,68.05111821086261
116,D,0.1176719252659932,92.01277955271566
117,F,0.10618865934561873,77.31629392971246
118,L,0.10739528489536543,78.27476038338658
119,D,0.0992934767039314,64.5367412140575
120,S,0.11833426611105519,92.97124600638978
121,L,0.1221732784842468,96.80511182108627
122,G,0.11916488847250307,93.9297124600639
123,F,0.11618151344251447,91.69329073482429
124,S,0.10365880096648732,73.1629392971246
125,T,0.08202322398676551,28.753993610223645
126,R,0.09249623516133514,48.56230031948881
127,E,0.10935615444040252,83.38658146964856
128,E,0.10765773526111334,78.91373801916933
129,G,0.10447039951592708,75.07987220447284
130,D,0.09548445127956275,55.91054313099042
131,L,0.08570115899388288,35.78274760383386
132,G,0.07768509093069012,21.72523961661342
133,P,0.07897082243749926,23.322683706070286
134,V,0.09633829535980006,57.50798722044729
135,Y,0.09283994809725608,49.84025559105431
136,G,0.09569543062648911,56.54952076677316
137,F,0.08932197278322451,41.533546325878596
138,Q,0.08496022602836391,33.22683706070288
139,W,0.10351079686120297,72.84345047923323
140,R,0.11915419779278587,93.29073482428115
141,H,0.1374711192863084,99.36102236421725
142,F,0.12982688480716162,98.40255591054313
143,G,0.11240112314333045,89.1373801916933
144,A,0.0945590484421313,53.99361022364217
145,E,0.0874017591438399,38.33865814696485
146,Y,0.0841330099136983,31.948881789137378
147,R,0.07911823610534238,23.642172523961662
148,D,0.08262602695698823,29.712460063897762
149,M,0.08307685584479604,30.35143769968051
150,E,0.07490267688932184,18.210862619808307
151,S,0.06900109956019214,8.945686900958465
152,D,0.07208250388034965,14.057507987220447
153,Y,0.07884813544383888,23.003194888178914
154,S,0.07578310570102537,20.12779552715655
155,G,0.07442986111605447,17.57188498402556
156,Q,0.06842518808220166,7.987220447284344
157,G,0.0685055640831457,8.626198083067091
158,V,0.07449241458552476,17.89137380191693
159,D,0.08087357876838829,26.517571884984026
160,Q,0.08088488712004656,26.837060702875398
161,L,0.07428444896588317,16.93290734824281
162,Q,0.07626835675363236,20.766773162939298
163,R,0.08329484444408865,30.670926517571885
164,V,0.0850258612247599,33.86581469648562
165,I,0.06390274228018057,5.7507987220447285
166,D,0.0869859586317037,38.019169329073485
167,T,0.09850764169613169,62.61980830670927
168,I,0.08535913099321157,35.14376996805112
169,K,0.0803957689974409,26.198083067092654
170,T,0.08501672421729951,33.54632587859425
171,N,0.09886836140037641,63.25878594249201
172,P,0.10666602129084853,77.63578274760383
173,D,0.08524522181382381,34.82428115015975
174,D,0.07121145097107287,12.140575079872203
175,R,0.09866876474472293,62.939297124600635
176,R,0.09653658150187121,58.46645367412141
177,I,0.09475841417794857,54.31309904153354
178,I,0.09039313012104538,43.45047923322684
179,M,0.09907042165984482,63.897763578274756
180,C,0.10033366790794568,66.13418530351439
181,A,0.12080265313883692,95.2076677316294
182,W,0.11828957204984654,92.65175718849841
183,N,0.11385517276247485,90.73482428115017
184,P,0.09051542577885092,44.08945686900959
185,R,0.09413000636336917,53.03514376996805
186,D,0.08607199228411179,36.42172523961661
187,L,0.09259368236527359,48.881789137380196
188,P,0.10106850684609668,68.370607028754
189,L,0.10365907821608411,73.48242811501598
190,M,0.11197268804731438,88.49840255591054
191,A,0.10166239234710746,69.96805111821087
192,L,0.08839019888365973,40.57507987220447
193,P,0.07943932845875606,24.281150159744406
194,P,0.0823116640316386,29.39297124600639
195,C,0.08613779686139948,36.74121405750799
196,H,0.08917013490016268,41.21405750798722
197,A,0.08793918901583599,40.2555910543131
198,L,0.10547885265450892,76.6773162939297
199,C,0.10797465696696361,79.87220447284345
200,Q,0.12060834117368267,94.88817891373802
201,F,0.12495868292719581,97.76357827476039
202,Y,0.1297863112615463,98.08306709265176
203,V,0.10964906004292178,84.34504792332268
204,V,0.0678764853801918,7.348242811501597
205,N,0.061321011858203635,4.15335463258786
206,S,0.08523613299228427,34.504792332268366
207,E,0.09741252805470539,60.383386581469644
208,L,0.09273417485389768,49.52076677316294
209,S,0.10115941717059813,68.69009584664538
210,C,0.09094351208430934,45.367412140575084
211,Q,0.10974094490668897,84.98402555910543
212,L,0.10059610037460383,66.77316293929712
213,Y,0.10781934555966503,79.2332268370607
214,Q,0.10266700745686042,71.56549520766772
215,R,0.09391451147365913,52.39616613418531
216,S,0.10018093446345201,65.814696485623
217,G,0.11806664717335213,92.33226837060703
218,D,0.1098041431902682,85.62300319488818
219,M,0.0782298798946221,22.364217252396166
220,G,0.08677773613636215,37.69968051118211
221,L,0.07539493698684992,18.849840255591054
222,G,0.07953176140020014,24.920127795527154
223,V,0.09411769914335233,52.715654952076676
224,P,0.11076616834420921,87.8594249201278
225,F,0.107852345277004,79.55271565495208
226,N,0.1215567001071053,96.48562300319489
227,I,0.09485742855020174,54.632587859424916
228,A,0.09145866319243406,46.64536741214057
229,S,0.08517903353421162,34.185303514377
230,Y,0.08486893571481714,32.9073482428115
231,A,0.09424288176628604,53.674121405750796
232,L,0.09116205643397247,46.00638977635783
233,L,0.098371456764987,62.30031948881789
234,T,0.0875305305109686,38.65814696485623
235,Y,0.08540311893679797,35.46325878594249
236,M,0.07999448166500994,25.878594249201274
237,I,0.07717840848643151,21.405750798722046
238,A,0.10149641268635388,69.32907348242811
239,H,0.11296329549315139,89.77635782747603
240,I,0.11919878663579504,94.24920127795528
241,T,0.08355716220816588,30.990415335463258
242,G,0.10088264415226576,67.41214057507987
243,L,0.12153865829572706,96.1661341853035
244,K,0.11058059284884024,87.53993610223642
245,P,0.09718419377611974,59.424920127795524
246,G,0.07959197544300232,25.23961661341853
247,D,0.13483763892588777,98.7220447284345
248,F,0.13878298503119893,99.68051118210862
249,I,0.12244516816464164,97.44408945686901
250,H,0.09182571325934559,47.284345047923324
251,T,0.10859946354340327,81.46964856230032
252,L,0.09628037026940768,57.18849840255591
253,G,0.10439974108240063,74.76038338658148
254,D,0.09936647965375262,65.17571884984025
255,A,0.10459201109774034,75.39936102236422
256,H,0.09550959986732077,56.23003194888179
257,I,0.10161127820426442,69.6485623003195
258,Y,0.1069295069409087,77.95527156549521
259,L,0.12239145119141492,97.12460063897763
260,N,0.12091836378945446,95.52715654952077
261,H,0.1074640218298849,78.59424920127796
262,I,0.09350678203914203,52.07667731629393
263,E,0.09186337732873755,47.6038338658147
264,P,0.083909902490166,31.309904153354633
265,L,0.07939285267842346,23.961661341853034
266,K,0.0814763207214877,28.115015974440894
267,I,0.09146074090403111,46.96485623003195
268,Q,0.09672605845836212,59.105431309904155
269,L,0.109540647661393,84.02555910543131
270,Q,0.11028503691060328,86.26198083067092
271,R,0.1104932126622447,87.22044728434504
272,E,0.08122879460101295,27.47603833865815
273,P,0.09750567835169616,60.70287539936102
274,R,0.08783078181728605,39.936102236421725
275,P,0.10416465203338147,74.4408945686901
276,F,0.1396142160698107,100.0
277,P,0.1099810494821273,85.94249201277955
278,K,0.10906985629828879,83.06709265175719
279,L,0.0898641360912133,42.49201277955272
280,R,0.07876968077232434,22.683706070287542
281,I,0.05858029449633508,3.5143769968051117
282,L,0.08088822337584688,27.15654952076677
283,R,0.07107998004728362,11.821086261980831
284,K,0.05219895621466175,1.2779552715654952
285,V,0.06813666504958835,7.667731629392971
286,E,0.06470555813278374,6.3897763578274756
287,K,0.06843961268689507,8.30670926517572
288,I,0.07299486816253273,15.335463258785943
289,D,0.08142340223319264,27.79552715654952
290,D,0.09130768279930664,46.325878594249204
291,F,0.09043640103226536,43.76996805111821
292,K,0.07973260653063656,25.559105431309902
293,A,0.07092821670353651,11.501597444089457
294,E,0.06324793584191123,4.792332268370607
295,D,0.06958607189901618,9.904153354632587
296,F,0.0673931570716806,6.7092651757188495
297,Q,0.06914323192485788,9.26517571884984
298,I,0.05507941341030518,1.9169329073482428
299,E,0.10538685107715974,76.35782747603834
300,G,0.10816490372379102,80.19169329073482
301,Y,0.08404063652590449,31.629392971246006
302,N,0.07329836509462974,15.654952076677317
303,P,0.07804500347207256,22.044728434504794
304,H,0.108652290693799,81.78913738019169
305,P,0.10222217881060525,71.24600638977637
306,T,0.09347232657579414,51.75718849840255
307,I,0.06973544702380922,10.223642172523961
308,K,0.07709136676496281,21.08626198083067
309,M,0.07944928094399042,24.600638977635782
310,E,0.08456354345731736,32.26837060702875
311,M,0.07438809614080685,17.252396166134183
312,A,0.0713790060922922,12.460063897763577
313,V,0.058123469103496896,3.1948881789137378
