anchor_for,beats_dump,beats_raltitrexed,brenk,cavity_centre_x,cavity_centre_y,cavity_centre_z,cavity_druggability,cavity_id,cid,compound,d_active_site,delta_vs_dump,delta_vs_raltitrexed,engine,fragment,kind,length,lipinski_ok,logp,mw,n_heavy,n_seeds,ok,pains,peptide,seed,sequence,significant_p085,specificity_vs_scrambled,state,strategy,tier,top1,top1_max,top1_mean,top1_min,top1_sd,top3_mean,unreliable_flag,wall_s
dUMP,False,,True,,,,,,65063,dUMP,,0.0,,,,,,True,-1.7056999999999998,308.183,,2,,False,,,,False,,apo,1_active_site,1,,-8.777,-8.782,-8.787,0.005000000000000782,,,
dUMP,False,,True,,,,,,65063,dUMP,,0.0,,,,,,True,-1.7056999999999998,308.183,,2,,False,,,,False,,holo,1_active_site,1,,-7.486,-7.494999999999999,-7.504,0.008999999999999897,,,
5-FdUMP,False,,True,,,,,,8642,5-FdUMP,,-0.26900000000000013,,,,,,True,-1.5665999999999998,326.173,,2,,False,,,,False,,apo,1_active_site,1,,-9.037,-9.051,-9.065,0.013999999999999346,,,
5-FdUMP,False,,True,,,,,,8642,5-FdUMP,,-0.4220000000000006,,,,,,True,-1.5665999999999998,326.173,,2,,False,,,,False,,holo,1_active_site,1,,-7.892,-7.917,-7.942,0.02499999999999991,,,
BrdUMP,False,,True,,,,,,93036,BrdUMP,,-0.0965000000000007,,,,,,True,-0.9431999999999998,387.07900000000006,,2,,False,,,,False,,apo,1_active_site,1,,-8.861,-8.8785,-8.896,0.01750000000000007,,,
BrdUMP,False,,True,,,,,,93036,BrdUMP,,0.8344999999999994,,,,,,True,-0.9431999999999998,387.07900000000006,,2,,False,,,,False,,holo,1_active_site,1,,-6.645,-6.6605,-6.676,0.015500000000000291,,,
Floxuridine (FdUR / 5-FdUrd),False,,False,,,,,,5790,Floxuridine,,1.3094999999999999,,,,,,True,-1.6835999999999998,246.194,,2,,False,,,,True,,apo,1_active_site,1,,-7.464,-7.4725,-7.481,0.00849999999999973,,,
Floxuridine (FdUR / 5-FdUrd),False,,False,,,,,,5790,Floxuridine,,0.8099999999999987,,,,,,True,-1.6835999999999998,246.194,,2,,False,,,,False,,holo,1_active_site,1,,-6.682,-6.6850000000000005,-6.688,0.0029999999999996696,,,
5-FU (precursor sanity panel),False,,False,,,,,,3385,5-FU,,3.8339999999999996,,,,,,True,-0.7977000000000001,130.07799999999997,,2,,False,,,,True,,apo,1_active_site,1,,-4.941,-4.948,-4.955,0.007000000000000117,,,
5-FU (precursor sanity panel),False,,False,,,,,,3385,5-FU,,2.243499999999999,,,,,,True,-0.7977000000000001,130.07799999999997,,2,,False,,,,True,,holo,1_active_site,1,,-5.241,-5.2515,-5.262,0.010499999999999954,,,
dUMP_decoy,False,,False,,,,,,6253,decoy_CID6253,,2.6450000000000005,,,,,,True,-2.562999999999999,243.21900000000002,,2,,False,,,,True,,apo,1_active_site,2,,-6.137,-6.137,-6.137,0.0,,,
dUMP_decoy,False,,False,,,,,,6253,decoy_CID6253,,1.846499999999999,,,,,,True,-2.562999999999999,243.21900000000002,,2,,False,,,,True,,holo,1_active_site,2,,-5.644,-5.6485,-5.653,0.0044999999999997264,,,
dUMP_decoy,False,,False,,,,,,60750,decoy_CID60750,,2.1245000000000003,,,,,,True,-1.2886000000000004,263.2,,2,,False,,,,True,,apo,1_active_site,2,,-6.651,-6.6575,-6.664,0.00649999999999995,,,
dUMP_decoy,False,,False,,,,,,60750,decoy_CID60750,,2.2154999999999987,,,,,,True,-1.2886000000000004,263.2,,2,,False,,,,True,,holo,1_active_site,2,,-5.279,-5.2795000000000005,-5.28,0.000500000000000167,,,
dUMP_decoy,False,,False,,,,,,6035,decoy_CID6035,,1.3224999999999998,,,,,,True,-1.0602,307.1,,2,,False,,,,True,,apo,1_active_site,2,,-7.453,-7.4595,-7.466,0.00649999999999995,,,
dUMP_decoy,False,,False,,,,,,6035,decoy_CID6035,,2.2744999999999997,,,,,,True,-1.0602,307.1,,2,,False,,,,True,,holo,1_active_site,2,,-5.216,-5.2204999999999995,-5.225,0.0044999999999997264,,,
Methotrexate (MTX),,False,False,,,,,,126941,Methotrexate,,,-0.46000000000000085,,,,,True,0.2684000000000003,454.44700000000023,,2,,False,,,,,,apo,2_cofactor_site,1,,-9.127,-9.5935,-10.06,0.4664999999999999,,,
Methotrexate (MTX),,False,False,,,,,,126941,Methotrexate,,,-0.5414999999999992,,,,,True,0.2684000000000003,454.44700000000023,,2,,False,,,,,,holo,2_cofactor_site,1,,-6.754,-6.818,-6.882,0.06400000000000006,,,
"Raltitrexed (D16, Tomudex)",,False,False,,,,,,104758,Raltitrexed,,,0.0,,,,,True,1.9772199999999995,458.4960000000002,,2,,False,,,,,,apo,2_cofactor_site,1,,-8.915,-9.1335,-9.352,0.21850000000000058,,,
"Raltitrexed (D16, Tomudex)",,False,False,,,,,,104758,Raltitrexed,,,0.0,,,,,True,1.9772199999999995,458.4960000000002,,2,,False,,,,,,holo,2_cofactor_site,1,,-5.77,-6.2765,-6.783,0.5065000000000004,,,
"Pemetrexed (S, Alimta)",,False,False,,,,,,135410875,Pemetrexed,,,-0.5855000000000015,,,,,False,0.6664,427.4170000000002,,2,,False,,,,,,apo,2_cofactor_site,1,,-9.657,-9.719000000000001,-9.781,0.06200000000000028,,,
"Pemetrexed (S, Alimta)",,False,False,,,,,,135410875,Pemetrexed,,,-0.4324999999999992,,,,,False,0.6664,427.4170000000002,,2,,False,,,,,,holo,2_cofactor_site,1,,-6.679,-6.709,-6.739,0.029999999999999805,,,
"Nolatrexed (AG-337, Thymitaq)",,False,False,,,,,,135400184,Nolatrexed,,,1.5599999999999996,,,,,True,2.35992,284.344,,2,,False,,,,,,apo,2_cofactor_site,1,,-7.562,-7.5735,-7.585,0.011499999999999844,,,
"Nolatrexed (AG-337, Thymitaq)",,False,False,,,,,,135400184,Nolatrexed,,,0.7860000000000005,,,,,True,2.35992,284.344,,2,,False,,,,,,holo,2_cofactor_site,1,,-5.481,-5.4905,-5.5,0.009500000000000064,,,
"Plevitrexed (ZD9331, BGC9331)",,True,True,,,,,,135430970,Plevitrexed,,,-0.8770000000000007,,,,,False,1.647739999999999,532.5360000000002,,2,,False,,,,,,apo,2_cofactor_site,1,,-9.951,-10.0105,-10.07,0.059499999999999886,,,
"Plevitrexed (ZD9331, BGC9331)",,False,True,,,,,,135430970,Plevitrexed,,,-0.7494999999999994,,,,,False,1.647739999999999,532.5360000000002,,2,,False,,,,,,holo,2_cofactor_site,1,,-6.989,-7.026,-7.063,0.03699999999999992,,,
raltitrexed_decoy,,False,False,,,,,,5212,decoy_CID5212,,,-0.20849999999999902,,,,,True,1.6109,474.5870000000004,,2,,False,,,,,,apo,2_cofactor_site,2,,-9.318,-9.341999999999999,-9.366,0.02400000000000002,,,
raltitrexed_decoy,,False,False,,,,,,5212,decoy_CID5212,,,0.29050000000000065,,,,,True,1.6109,474.5870000000004,,2,,False,,,,,,holo,2_cofactor_site,2,,-5.523,-5.986,-6.449,0.4630000000000001,,,
raltitrexed_decoy,,False,False,,,,,,60843,decoy_CID60843,,,-0.4994999999999994,,,,,False,0.6664,427.4170000000002,,2,,False,,,,,,apo,2_cofactor_site,2,,-9.461,-9.633,-9.805,0.1719999999999997,,,
raltitrexed_decoy,,False,False,,,,,,60843,decoy_CID60843,,,-0.5649999999999995,,,,,False,0.6664,427.4170000000002,,2,,False,,,,,,holo,2_cofactor_site,2,,-6.831,-6.8415,-6.852,0.010499999999999954,,,
raltitrexed_decoy,,False,False,,,,,,100049,decoy_CID100049,,,1.5709999999999997,,,,,True,2.5528999999999993,364.4420000000001,,2,,False,,,,,,apo,2_cofactor_site,2,,-7.523,-7.5625,-7.602,0.03950000000000031,,,
raltitrexed_decoy,,False,False,,,,,,100049,decoy_CID100049,,,0.5775000000000006,,,,,True,2.5528999999999993,364.4420000000001,,2,,False,,,,,,holo,2_cofactor_site,2,,-5.698,-5.699,-5.7,0.0009999999999998899,,,
raltitrexed_decoy,,False,True,,,,,,5359476,decoy_CID5359476,,,0.14250000000000007,,,,,True,1.8001999999999998,398.40000000000015,,2,,True,,,,,,apo,2_cofactor_site,2,,-8.973,-8.991,-9.009,0.017999999999999794,,,
raltitrexed_decoy,,False,True,,,,,,5359476,decoy_CID5359476,,,-0.5065,,,,,True,1.8001999999999998,398.40000000000015,,2,,True,,,,,,holo,2_cofactor_site,2,,-6.775,-6.783,-6.791,0.008000000000000007,,,
,,,,,,,,,,,,,,Vina_fragment_decomp,,canonical,8,,,938.6179999999999,70,2,,,LR8_LSCQLYQR,,LSCQLYQR,,1.4849999999999852,,3_dimer_interface,,,,86.16499999999999,82.48,3.684999999999995,,True,
,,,,,,,,,,,,,,Vina_fragment_decomp,,scrambled_control,8,,,938.6179999999999,70,2,,,LR8_scrambled_QLCRQSYL,,QLCRQSYL,,,,3_dimer_interface,,,,84.68,80.24,4.440000000000005,,True,
,,,,,,,,,,,,,,Vina_fragment_decomp,,fragment_4mer,4,,,418.282,30,2,,,LR_4mer_pos1_LSCQ,,LSCQ,,,,3_dimer_interface,,,,-4.6655,-5.006,0.3405,,False,
,,,,,,,,,,,,,,Vina_fragment_decomp,,fragment_4mer,4,,,418.282,30,2,,,LR_4mer_pos2_SCQL,,SCQL,,,,3_dimer_interface,,,,-4.689,-4.796,0.1070000000000002,,False,
,,,,,,,,,,,,,,Vina_fragment_decomp,,fragment_4mer,4,,,490.34799999999996,36,2,,,LR_4mer_pos3_CQLY,,CQLY,,,,3_dimer_interface,,,,-4.39,-4.829,0.43899999999999983,,False,
,,,,,,,,,,,,,,Vina_fragment_decomp,,fragment_4mer,4,,,512.309,39,2,,,LR_4mer_pos4_QLYQ,,QLYQ,,,,3_dimer_interface,,,,-4.323499999999999,-4.504,0.18049999999999988,,False,
,,,,,,,,,,,,,,Vina_fragment_decomp,,fragment_4mer,4,,,536.335,41,2,,,LR_4mer_pos5_LYQR,,LYQR,,,,3_dimer_interface,,,,-4.1175,-4.622,0.5045,,False,
,,,,-20.76300048828125,4.802000045776367,9.331999778747559,,manual_chainA_res42,6253,,21.440865835437695,,,,frag_CID6253,,,,-2.562999999999999,243.21900000000002,,,True,,,42,,,,,4_allosteric,,-5.521,,,,,-5.3676666666666675,,7.03
,,,,17.604999542236328,26.892000198364258,-3.562999963760376,,manual_chainA_res284,7032,,34.33318277395246,,,,frag_CID7032,,,,2.934800000000001,242.27399999999997,,,True,,,42,,,,,4_allosteric,,-5.42,,,,,-5.417666666666666,,5.11
,,,,-20.76300048828125,4.802000045776367,9.331999778747559,,manual_chainA_res42,10257,,21.440865835437695,,,,frag_CID10257,,,,1.9776000000000002,204.273,,,True,,,42,,,,,4_allosteric,,-5.305,,,,,-4.976666666666667,,7.43
,,,,-12.991999626159668,21.290000915527344,-8.496000289916992,,manual_chainA_res26,35814,,31.871389196874834,,,,frag_CID35814,,,,2.0910999999999995,232.35100000000003,,,True,,,42,,,,,4_allosteric,,-5.188,,,,,-5.082,,7.04
,,,,17.604999542236328,26.892000198364258,-3.562999963760376,,manual_chainA_res284,5564,,34.33318277395246,,,,frag_CID5564,,,,5.144700000000002,289.54499999999996,,,True,,,42,,,,,4_allosteric,,-5.165,,,,,-4.942666666666667,,4.54
,,,,17.604999542236328,26.892000198364258,-3.562999963760376,,manual_chainA_res284,3672,,34.33318277395246,,,,frag_CID3672,,,,3.073200000000001,206.28499999999997,,,True,,,42,,,,,4_allosteric,,-5.061,,,,,-4.597666666666666,,4.11
,,,,-20.76300048828125,4.802000045776367,9.331999778747559,,manual_chainA_res42,5564,,21.440865835437695,,,,frag_CID5564,,,,5.144700000000002,289.54499999999996,,,True,,,42,,,,,4_allosteric,,-5.024,,,,,-4.944333333333334,,4.77
,,,,-12.991999626159668,21.290000915527344,-8.496000289916992,,manual_chainA_res26,5564,,31.871389196874834,,,,frag_CID5564,,,,5.144700000000002,289.54499999999996,,,True,,,42,,,,,4_allosteric,,-5.006,,,,,-4.944,,4.6
,,,,-12.991999626159668,21.290000915527344,-8.496000289916992,,manual_chainA_res26,10257,,31.871389196874834,,,,frag_CID10257,,,,1.9776000000000002,204.273,,,True,,,42,,,,,4_allosteric,,-4.989,,,,,-4.740333333333333,,4.12
,,,,-20.76300048828125,4.802000045776367,9.331999778747559,,manual_chainA_res42,3672,,21.440865835437695,,,,frag_CID3672,,,,3.073200000000001,206.28499999999997,,,True,,,42,,,,,4_allosteric,,-4.917,,,,,-4.86,,3.88
,,,,-20.76300048828125,4.802000045776367,9.331999778747559,,manual_chainA_res42,7032,,21.440865835437695,,,,frag_CID7032,,,,2.934800000000001,242.27399999999997,,,True,,,42,,,,,4_allosteric,,-4.873,,,,,-4.763333333333333,,5.91
,,,,-12.991999626159668,21.290000915527344,-8.496000289916992,,manual_chainA_res26,7032,,31.871389196874834,,,,frag_CID7032,,,,2.934800000000001,242.27399999999997,,,True,,,42,,,,,4_allosteric,,-4.858,,,,,-4.843333333333333,,4.8
,,,,-20.76300048828125,4.802000045776367,9.331999778747559,,manual_chainA_res42,35814,,21.440865835437695,,,,frag_CID35814,,,,2.0910999999999995,232.35100000000003,,,True,,,42,,,,,4_allosteric,,-4.845,,,,,-4.744,,7.6
,,,,-12.991999626159668,21.290000915527344,-8.496000289916992,,manual_chainA_res26,3672,,31.871389196874834,,,,frag_CID3672,,,,3.073200000000001,206.28499999999997,,,True,,,42,,,,,4_allosteric,,-4.811,,,,,-4.6883333333333335,,3.77
,,,,-12.991999626159668,21.290000915527344,-8.496000289916992,,manual_chainA_res26,6253,,31.871389196874834,,,,frag_CID6253,,,,-2.562999999999999,243.21900000000002,,,True,,,42,,,,,4_allosteric,,-4.789,,,,,-4.648333333333333,,6.11
,,,,-20.76300048828125,4.802000045776367,9.331999778747559,,manual_chainA_res42,2519,,21.440865835437695,,,,frag_CID2519,,,,-1.0293,194.194,,,True,,,42,,,,,4_allosteric,,-4.776,,,,,-4.743666666666666,,1.5
,,,,-20.76300048828125,4.802000045776367,9.331999778747559,,manual_chainA_res42,9087,,21.440865835437695,,,,frag_CID9087,,,,-0.9517999999999993,171.156,,,True,,,42,,,,,4_allosteric,,-4.643,,,,,-4.459333333333333,,5.05
,,,,-20.76300048828125,4.802000045776367,9.331999778747559,,manual_chainA_res42,2244,,21.440865835437695,,,,frag_CID2244,,,,1.3101,180.15899999999996,,,True,,,42,,,,,4_allosteric,,-4.638,,,,,-4.586333333333333,,2.91
,,,,17.604999542236328,26.892000198364258,-3.562999963760376,,manual_chainA_res284,10257,,34.33318277395246,,,,frag_CID10257,,,,1.9776000000000002,204.273,,,True,,,42,,,,,4_allosteric,,-4.592,,,,,-4.558333333333334,,4.42
,,,,17.604999542236328,26.892000198364258,-3.562999963760376,,manual_chainA_res284,6253,,34.33318277395246,,,,frag_CID6253,,,,-2.562999999999999,243.21900000000002,,,True,,,42,,,,,4_allosteric,,-4.544,,,,,-4.492333333333334,,6.87
,,,,-20.76300048828125,4.802000045776367,9.331999778747559,,manual_chainA_res42,1983,,21.440865835437695,,,,frag_CID1983,,,,1.3505999999999998,151.165,,,True,,,42,,,,,4_allosteric,,-4.527,,,,,-4.465,,2.47
,,,,-12.991999626159668,21.290000915527344,-8.496000289916992,,manual_chainA_res26,25245,,31.871389196874834,,,,frag_CID25245,,,,-0.7107999999999994,197.246,,,True,,,42,,,,,4_allosteric,,-4.521,,,,,-4.479,,3.86
,,,,-12.991999626159668,21.290000915527344,-8.496000289916992,,manual_chainA_res26,9087,,31.871389196874834,,,,frag_CID9087,,,,-0.9517999999999993,171.156,,,True,,,42,,,,,4_allosteric,,-4.511,,,,,-4.269333333333333,,4.39
,,,,17.604999542236328,26.892000198364258,-3.562999963760376,,manual_chainA_res284,35814,,34.33318277395246,,,,frag_CID35814,,,,2.0910999999999995,232.35100000000003,,,True,,,42,,,,,4_allosteric,,-4.469,,,,,-4.4143333333333326,,10.55
,,,,-20.76300048828125,4.802000045776367,9.331999778747559,,manual_chainA_res42,22311,,21.440865835437695,,,,frag_CID22311,,,,3.308900000000002,136.238,,,True,,,42,,,,,4_allosteric,,-4.465,,,,,-4.331,,1.53
,,,,-20.76300048828125,4.802000045776367,9.331999778747559,,manual_chainA_res42,25245,,21.440865835437695,,,,frag_CID25245,,,,-0.7107999999999994,197.246,,,True,,,42,,,,,4_allosteric,,-4.447,,,,,-4.396333333333334,,4.75
,,,,-12.991999626159668,21.290000915527344,-8.496000289916992,,manual_chainA_res26,2519,,31.871389196874834,,,,frag_CID2519,,,,-1.0293,194.194,,,True,,,42,,,,,4_allosteric,,-4.425,,,,,-4.270333333333333,,1.49
,,,,17.604999542236328,26.892000198364258,-3.562999963760376,,manual_chainA_res284,22311,,34.33318277395246,,,,frag_CID22311,,,,3.308900000000002,136.238,,,True,,,42,,,,,4_allosteric,,-4.41,,,,,-4.1226666666666665,,1.29
,,,,17.604999542236328,26.892000198364258,-3.562999963760376,,manual_chainA_res284,2244,,34.33318277395246,,,,frag_CID2244,,,,1.3101,180.15899999999996,,,True,,,42,,,,,4_allosteric,,-4.323,,,,,-4.113666666666667,,2.83
,,,,-12.991999626159668,21.290000915527344,-8.496000289916992,,manual_chainA_res26,2244,,31.871389196874834,,,,frag_CID2244,,,,1.3101,180.15899999999996,,,True,,,42,,,,,4_allosteric,,-4.282,,,,,-4.236666666666667,,3.12
,,,,-12.991999626159668,21.290000915527344,-8.496000289916992,,manual_chainA_res26,1983,,31.871389196874834,,,,frag_CID1983,,,,1.3505999999999998,151.165,,,True,,,42,,,,,4_allosteric,,-4.253,,,,,-4.067333333333334,,2.29
,,,,-20.76300048828125,4.802000045776367,9.331999778747559,,manual_chainA_res42,4173,,21.440865835437695,,,,frag_CID4173,,,,0.09201999999999982,171.15599999999998,,,True,,,42,,,,,4_allosteric,,-4.2,,,,,-4.0793333333333335,,3.22
,,,,17.604999542236328,26.892000198364258,-3.562999963760376,,manual_chainA_res284,1983,,34.33318277395246,,,,frag_CID1983,,,,1.3505999999999998,151.165,,,True,,,42,,,,,4_allosteric,,-4.194,,,,,-4.118333333333333,,2.15
,,,,17.604999542236328,26.892000198364258,-3.562999963760376,,manual_chainA_res284,25245,,34.33318277395246,,,,frag_CID25245,,,,-0.7107999999999994,197.246,,,True,,,42,,,,,4_allosteric,,-4.174,,,,,-4.135666666666666,,3.68
,,,,17.604999542236328,26.892000198364258,-3.562999963760376,,manual_chainA_res284,2519,,34.33318277395246,,,,frag_CID2519,,,,-1.0293,194.194,,,True,,,42,,,,,4_allosteric,,-4.077,,,,,-4.068333333333333,,1.58
,,,,-20.76300048828125,4.802000045776367,9.331999778747559,,manual_chainA_res42,8094,,21.440865835437695,,,,frag_CID8094,,,,2.0414,130.187,,,True,,,42,,,,,4_allosteric,,-3.991,,,,,-3.8673333333333333,,3.9
,,,,-12.991999626159668,21.290000915527344,-8.496000289916992,,manual_chainA_res26,22311,,31.871389196874834,,,,frag_CID22311,,,,3.308900000000002,136.238,,,True,,,42,,,,,4_allosteric,,-3.964,,,,,-3.8649999999999998,,1.35
,,,,-12.991999626159668,21.290000915527344,-8.496000289916992,,manual_chainA_res26,4173,,31.871389196874834,,,,frag_CID4173,,,,0.09201999999999982,171.15599999999998,,,True,,,42,,,,,4_allosteric,,-3.96,,,,,-3.924,,3.09
,,,,17.604999542236328,26.892000198364258,-3.562999963760376,,manual_chainA_res284,9087,,34.33318277395246,,,,frag_CID9087,,,,-0.9517999999999993,171.156,,,True,,,42,,,,,4_allosteric,,-3.888,,,,,-3.7746666666666666,,4.2
,,,,-20.76300048828125,4.802000045776367,9.331999778747559,,manual_chainA_res42,13558,,21.440865835437695,,,,frag_CID13558,,,,3.468700000000003,128.259,,,True,,,42,,,,,4_allosteric,,-3.761,,,,,-3.6750000000000003,,2.77
,,,,17.604999542236328,26.892000198364258,-3.562999963760376,,manual_chainA_res284,4173,,34.33318277395246,,,,frag_CID4173,,,,0.09201999999999982,171.15599999999998,,,True,,,42,,,,,4_allosteric,,-3.64,,,,,-3.6253333333333333,,3.29
,,,,-12.991999626159668,21.290000915527344,-8.496000289916992,,manual_chainA_res26,8094,,31.871389196874834,,,,frag_CID8094,,,,2.0414,130.187,,,True,,,42,,,,,4_allosteric,,-3.452,,,,,-3.4116666666666666,,3.37
,,,,-12.991999626159668,21.290000915527344,-8.496000289916992,,manual_chainA_res26,13558,,31.871389196874834,,,,frag_CID13558,,,,3.468700000000003,128.259,,,True,,,42,,,,,4_allosteric,,-3.444,,,,,-3.341333333333333,,2.53
,,,,17.604999542236328,26.892000198364258,-3.562999963760376,,manual_chainA_res284,13558,,34.33318277395246,,,,frag_CID13558,,,,3.468700000000003,128.259,,,True,,,42,,,,,4_allosteric,,-3.372,,,,,-3.313,,2.59
,,,,17.604999542236328,26.892000198364258,-3.562999963760376,,manual_chainA_res284,8094,,34.33318277395246,,,,frag_CID8094,,,,2.0414,130.187,,,True,,,42,,,,,4_allosteric,,-3.343,,,,,-3.264333333333333,,3.04
