chain,resnum,resname,phi,psi,kind,classification
A,2,PRO,-84.9518845971785,133.97324854352445,pro,favoured
A,3,VAL,-77.20310527850093,129.86047209032134,general,favoured
A,4,ALA,-63.955545572057794,135.20274557745486,general,favoured
A,5,GLY,-71.84827448980919,132.74528675209697,gly,favoured
A,6,SER,-85.7101552975384,114.76618593305855,general,favoured
A,7,GLU,-70.9627330563146,119.88805535026879,general,favoured
A,8,LEU,-68.28119567225015,138.03999415077703,prepro,favoured
A,9,PRO,-62.89660017185543,126.86399138204683,pro,favoured
A,10,ARG,-60.91379603027256,118.05864226350904,general,favoured
A,11,ARG,-59.11209488047733,131.61181793670883,prepro,favoured
A,12,PRO,-61.41348686256456,135.50739160911243,pro,favoured
A,13,LEU,-57.52107898573646,142.5516274171184,prepro,favoured
A,14,PRO,-58.434641851332835,150.5090640727797,pro,favoured
A,15,PRO,-51.7255169750841,138.70145807048252,pro,favoured
A,16,ALA,-45.927977284624724,129.63110519852995,general,favoured
A,17,ALA,-49.35081668310959,115.30549129791318,general,favoured
A,18,GLN,-46.42148337518873,125.83800400591458,general,favoured
A,19,GLU,-49.627561739781854,100.4822358120211,general,favoured
A,20,ARG,-63.723863019053,117.98259993371819,general,favoured
A,21,ASP,-34.97327557814872,124.34023200129657,general,favoured
A,22,ALA,-58.524088570733255,96.37677502684774,general,favoured
A,23,GLU,-52.361227457200236,138.42255438682622,prepro,favoured
A,24,PRO,-51.113595370930035,130.45189383743786,pro,favoured
A,25,ARG,-46.26715481946331,128.4361263788412,prepro,favoured
A,26,PRO,-54.88073453292809,146.8188456654515,pro,favoured
A,27,PRO,-54.29382640693927,143.31611815416375,pro,favoured
A,28,HIS,-46.49234932215943,129.77295366604537,general,favoured
A,29,GLY,-55.23132035194924,-33.83180188661333,gly,favoured
A,30,GLU,-58.575855732367835,-28.03943106952465,general,favoured
A,31,LEU,-63.01407011618884,-23.52140102428682,general,favoured
A,32,GLN,-70.85016333601877,-45.240878354055404,general,favoured
A,33,TYR,-60.95891456373986,-46.121662506130626,general,favoured
A,34,LEU,-65.6622671747079,-39.37164335945944,general,favoured
A,35,GLY,-62.21959549224396,-37.25327516120693,gly,favoured
A,36,GLN,-64.39438338081484,-44.88946446889135,general,favoured
A,37,ILE,-58.048279347271574,-49.855273776414194,general,favoured
A,38,GLN,-58.63157512555827,-40.39839856403214,general,favoured
A,39,HIS,-63.7004286821682,-45.62009763457049,general,favoured
A,40,ILE,-64.63266337166081,-41.91617015026193,general,favoured
A,41,LEU,-62.49459430633135,-31.126911446791844,general,favoured
A,42,ARG,-89.70258044613452,-39.733251037627014,general,favoured
A,43,CYS,-117.63729748933,-7.636647564278078,general,favoured
A,44,GLY,-66.52165638255244,138.94781743458586,gly,favoured
A,45,VAL,-93.35734702456742,136.2472602372444,general,favoured
A,46,ARG,-66.60935254188185,128.63361503578236,general,favoured
A,47,LYS,-129.19996575401262,141.70411210898766,general,favoured
A,48,ASP,-73.26916282959043,152.3316971254601,general,favoured
A,49,ASP,-138.73495436433603,166.79414580801185,general,favoured
A,50,ARG,-59.08829365873784,-22.190262535511653,general,favoured
A,51,THR,-83.99707819872361,-11.61555792250286,general,favoured
A,52,GLY,75.36717726469097,1.4350969780973735,gly,allowed
A,53,THR,-76.01288684034644,-34.63804526471988,general,favoured
A,54,GLY,77.18252295898597,158.48768884592877,gly,favoured
A,55,THR,-138.43064785821295,155.58587332376462,general,favoured
A,56,LEU,-97.25995101757664,124.69266689230237,general,favoured
A,57,SER,-134.95469818940091,153.3797080635279,general,favoured
A,58,VAL,-126.72385185530231,156.3132070167026,general,favoured
A,59,PHE,-112.28248605990318,116.8516901021837,general,favoured
A,60,GLY,91.4783673933712,107.81991482506332,gly,favoured
A,61,MET,-142.4198588003544,157.015606493785,general,favoured
A,62,GLN,-140.90809933279488,142.67521723702333,general,favoured
A,63,ALA,-131.46621308129556,155.02638526465654,general,favoured
A,64,ARG,-129.07800749680686,124.63422560755345,general,favoured
A,65,TYR,-113.77388143990486,130.75280230837066,general,favoured
A,66,SER,-74.29895058904879,145.17321082957565,general,favoured
A,67,LEU,-110.91513261149917,5.781507330313999,general,favoured
A,68,ARG,-79.40496869504271,104.7916575901154,general,favoured
A,69,ASP,61.29544497161665,21.89453391111078,general,allowed
A,70,GLU,-150.8552026900499,153.51337424858337,general,favoured
A,71,PHE,-124.62093177236116,120.08472218234634,prepro,favoured
A,72,PRO,-75.76147487856805,65.05985501345184,pro,allowed
A,73,LEU,-100.17696517774137,109.31763108376204,general,favoured
A,74,LEU,-48.89797944008599,139.5831613798577,general,favoured
A,75,THR,-109.93703306632398,-23.290624236904918,general,favoured
A,76,THR,-67.73141564731974,-12.028576221466652,general,favoured
A,77,LYS,-146.72656714724224,153.11020644474158,general,favoured
A,78,ARG,-70.18097033527198,122.333194001677,general,favoured
A,79,VAL,-94.78640896940422,140.6742143876273,general,favoured
A,80,PHE,-78.29700846716547,81.50479030076679,general,favoured
A,81,TRP,-50.93210100636187,-44.84277062936313,general,favoured
A,82,LYS,-57.68520201411811,-40.050943349245536,general,favoured
A,83,GLY,-63.715855863213214,-46.90524061040443,gly,favoured
A,84,VAL,-56.107940224419615,-49.73882017534544,general,favoured
A,85,LEU,-67.3898462418195,-51.00759958936472,general,favoured
A,86,GLU,-68.24400862118539,-35.90970915432762,general,favoured
A,87,GLU,-63.14534571020939,-44.17696122585827,general,favoured
A,88,LEU,-64.25103260626638,-42.67136626003247,general,favoured
A,89,LEU,-61.74318922684274,-37.740440376997945,general,favoured
A,90,TRP,-64.7492059850344,-42.921724313425585,general,favoured
A,91,PHE,-61.65898148462134,-45.58009439380743,general,favoured
A,92,ILE,-58.4216163684332,-45.13627900233093,general,favoured
A,93,LYS,-62.00617091742195,-16.973390664024002,general,favoured
A,94,GLY,81.17751816376149,10.558280632329206,gly,allowed
A,95,SER,-72.83178898440681,147.78088166898158,general,favoured
A,96,THR,-125.47888075413962,0.464737369393682,general,favoured
A,97,ASN,-84.91865598557796,106.73314054022582,general,favoured
A,98,ALA,-61.383556498975764,-28.43639885348151,general,favoured
A,99,LYS,-63.37457805456434,-27.169671033204253,general,favoured
A,100,GLU,-57.97977998798417,-44.714197858852664,general,favoured
A,101,LEU,-71.17324734617947,-45.22620392714772,general,favoured
A,102,SER,-59.54243110177861,-39.837744261222234,general,favoured
A,103,SER,-61.25709368961921,-26.67119631920427,general,favoured
A,104,LYS,-89.34251880517401,4.05205788033165,general,favoured
A,105,GLY,76.52228950418149,18.2963381272646,gly,allowed
A,106,VAL,-102.55519114313144,104.06083421646832,general,favoured
A,107,LYS,-104.17864305255759,13.771201325641092,general,favoured
A,108,ILE,-64.90832196263504,-22.680040313657987,general,favoured
A,109,TRP,-104.36536798867421,-3.1780272020264078,general,favoured
A,110,ASP,-58.22161192731642,-44.15813520074337,general,favoured
A,111,ALA,-64.25966557733616,-44.36940080362238,general,favoured
A,112,ASN,-72.65798030884861,-22.335781471466383,general,favoured
A,113,GLY,-93.76004617707773,-3.374794076114763,gly,favoured
A,114,SER,-66.4158451065091,152.2336342540081,general,favoured
A,115,ARG,-52.668434366729706,-50.14690553549681,general,favoured
A,116,ASP,-59.633992146311584,-41.9855234066211,general,favoured
A,117,PHE,-70.36617996979166,-44.84702517019607,general,favoured
A,118,LEU,-61.33435856842752,-40.40006733916032,general,favoured
A,119,ASP,-64.5061048780609,-39.66612781281999,general,favoured
A,120,SER,-61.833234143386655,-23.83434798336719,general,favoured
A,121,LEU,-91.42308963836588,-2.4757942681981064,general,favoured
A,122,GLY,84.08176186984302,12.438814233023338,gly,allowed
A,123,PHE,-90.344524156627,48.19464706017421,general,favoured
A,124,SER,-65.11101075642483,-18.13597543827295,general,favoured
A,125,THR,-102.92550976407306,-7.845393469309275,general,favoured
A,126,ARG,-74.70144239521059,139.4141322332106,general,favoured
A,127,GLU,-62.70062210200279,145.8309541714232,general,favoured
A,128,GLU,-56.987894900720654,134.08801416195575,general,favoured
A,129,GLY,87.88143184012512,-12.532153977095245,gly,favoured
A,130,ASP,-78.44501915642563,107.93455394872754,general,favoured
A,131,LEU,-83.20977334404344,-3.019777105906907,general,favoured
A,132,GLY,75.32503271369161,-168.2903048644664,gly,favoured
A,133,PRO,-76.08772001816371,60.9244584998669,pro,allowed
A,134,VAL,-75.81390850652913,-159.88833311680793,general,allowed
A,135,TYR,-49.120318564342746,-58.89730121219165,general,favoured
A,136,GLY,-59.13149736065689,-42.09688552929364,gly,favoured
A,137,PHE,-59.31602570524634,-46.150166819025365,general,favoured
A,138,GLN,-66.0831999626347,-29.086367949192482,general,favoured
A,139,TRP,-72.03248372615472,-37.038901847572134,general,favoured
A,140,ARG,-103.41739138364639,-25.438876231260632,general,favoured
A,141,HIS,-136.39649390791982,32.505664784067164,general,allowed
A,142,PHE,-53.55324324797614,123.04718718369749,general,favoured
A,143,GLY,82.96659776520977,-1.9623446854109978,gly,favoured
A,144,ALA,-65.11766406794594,151.62516166672398,general,favoured
A,145,GLU,-78.06906196370076,116.41558793944638,general,favoured
A,146,TYR,-71.88466969976683,130.49474497276142,general,favoured
A,147,ARG,-107.99056660468545,-64.29465670487103,general,favoured
A,148,ASP,-158.87418130512106,176.69943353451472,general,favoured
A,149,MET,-75.76304297288212,-9.998344768679845,general,favoured
A,150,GLU,-105.81344771659813,-16.00572114177702,general,favoured
A,151,SER,-61.318477349513046,141.01303250786933,general,favoured
A,152,ASP,-77.0637975123391,112.26639975210271,general,favoured
A,153,TYR,-96.57574938635972,7.446857510087864,general,favoured
A,154,SER,-52.44011949582522,126.58194536396708,general,favoured
A,155,GLY,73.55113421515073,2.1681555743252714,gly,allowed
A,156,GLN,-93.8433257746737,143.32934703577396,general,favoured
A,157,GLY,71.96891524267035,-155.5413613674276,gly,favoured
A,158,VAL,-112.24952803405844,118.92227009473768,general,favoured
A,159,ASP,-76.3556795279898,89.33118776849861,general,favoured
A,160,GLN,-67.20466091761766,-39.64102614830537,general,favoured
A,161,LEU,-62.14565287956282,-47.228662470745526,general,favoured
A,162,GLN,-63.962857833333636,-43.11185435460154,general,favoured
A,163,ARG,-59.30786430710052,-40.00759430673142,general,favoured
A,164,VAL,-59.40944039421676,-50.34961036269549,general,favoured
A,165,ILE,-60.84869551973813,-45.98946266023048,general,favoured
A,166,ASP,-64.48175456184741,-42.01550383271856,general,favoured
A,167,THR,-65.9999326769722,-41.62464516265188,general,favoured
A,168,ILE,-58.73419804279741,-41.113007772537586,general,favoured
A,169,LYS,-72.32432775531308,-35.93285061283534,general,favoured
A,170,THR,-104.52007071869876,-28.96999287168257,general,favoured
A,171,ASN,-145.14758307822828,66.66748954310876,prepro,allowed
A,172,PRO,-60.93372067079915,-24.747267414863003,pro,favoured
A,173,ASP,-80.92822831795219,1.7383822789875303,general,favoured
A,174,ASP,-62.0059587972704,135.99146480355873,general,favoured
A,175,ARG,-94.43699828114744,9.533095861470757,general,favoured
A,176,ARG,-120.87565041910206,16.950480519423156,general,favoured
A,177,ILE,-73.61240276278018,83.19841505641676,general,favoured
A,178,ILE,-127.80722138954634,143.81636637430438,general,favoured
A,179,MET,-125.30704737518168,130.36459882115443,general,favoured
A,180,CYS,-125.9074183644143,127.57168891697309,general,favoured
A,181,ALA,-94.5275777229922,-14.048037741329077,general,favoured
A,182,TRP,-81.10869337056157,97.74031121958247,general,favoured
A,183,ASN,-114.82372744301601,101.83684965975874,prepro,favoured
A,184,PRO,-54.56477478486491,-30.66907272105575,pro,favoured
A,185,ARG,-65.17356774580793,-37.69670243805381,general,favoured
A,186,ASP,-99.69347484179647,-11.615875741485507,general,favoured
A,187,LEU,-50.01928971444224,-43.774337707215764,prepro,favoured
A,188,PRO,-67.89190440258992,-8.23611742281031,pro,favoured
A,189,LEU,-100.2713777606013,-12.989450885376515,general,favoured
A,190,MET,-87.16588391943196,138.2357566785034,general,favoured
A,191,ALA,-61.16754593211044,-33.77926969654133,general,favoured
A,192,LEU,-144.69030015366238,122.87920692946625,prepro,favoured
A,193,PRO,-56.67855611615526,142.22686013536116,pro,favoured
A,194,PRO,-57.09101604435416,123.89538740626982,pro,favoured
A,195,CYS,-75.73568945488049,-52.7018477984684,general,favoured
A,196,HIS,-85.19116863992714,95.23663908596188,general,favoured
A,197,ALA,-86.70204530233535,-35.07761461455113,general,favoured
A,198,LEU,-152.1409079164138,136.28998214900395,general,favoured
A,199,CYS,-126.70646952175642,145.41786854091544,general,favoured
A,200,GLN,-116.43320130798666,138.91583350283858,general,favoured
A,201,PHE,-104.03878933572648,148.8529092076427,general,favoured
A,202,TYR,-139.64125268107756,125.4845963100732,general,favoured
A,203,VAL,-107.08228327721785,127.18594538771478,general,favoured
A,204,VAL,-153.15299970852632,143.62525991303346,general,favoured
A,205,ASN,51.409901920230965,37.95128733883634,general,favoured
A,206,SER,60.19526141279699,21.55829376918364,general,allowed
A,207,GLU,-113.78178486503771,143.96678426974768,general,favoured
A,208,LEU,-105.6156875633109,121.13240809831217,general,favoured
A,209,SER,-109.19491284693042,155.25711270161318,general,favoured
A,210,CYS,-128.97498122811305,131.12053505755762,general,favoured
A,211,GLN,-110.66159977538734,122.56596662273618,general,favoured
A,212,LEU,-104.2993157263779,132.80035620908123,general,favoured
A,213,TYR,-102.6643973739079,120.85993030010683,general,favoured
A,214,GLN,-118.00633523507467,113.99431637716586,general,favoured
A,215,ARG,-64.88027667478306,-27.57557693558537,general,favoured
A,216,SER,-146.81918022896693,115.64537527075872,general,favoured
A,217,GLY,-121.38734854398218,99.88996827618853,gly,favoured
A,218,ASP,-69.00069643001044,108.36843647071368,general,favoured
A,219,MET,-70.30214845721152,-22.30105192353355,general,favoured
A,220,GLY,-72.16240234834414,-55.92857951621346,gly,favoured
A,221,LEU,-114.69550123603541,-54.58180764510187,general,favoured
A,222,GLY,-64.62834929914635,-52.647742846832465,gly,favoured
A,223,VAL,-58.265434194597084,-45.31432965182049,prepro,favoured
A,224,PRO,-51.46005818527335,-42.21112178153441,pro,favoured
A,225,PHE,-67.82232000473137,-44.06248773731428,general,favoured
A,226,ASN,-67.50313952608084,-34.95294245398842,general,favoured
A,227,ILE,-59.21308689008593,-52.927519512485965,general,favoured
A,228,ALA,-67.31007020213302,-38.064619679165716,general,favoured
A,229,SER,-64.71013496093873,-50.44947016407705,general,favoured
A,230,TYR,-76.70254534178831,-26.96152947099439,general,favoured
A,231,ALA,-59.90241317378589,-49.58945461356033,general,favoured
A,232,LEU,-60.46698295805692,-44.18605904572543,general,favoured
A,233,LEU,-56.30242108947275,-42.34690618837353,general,favoured
A,234,THR,-63.461036181306014,-43.617668727147986,general,favoured
A,235,TYR,-59.03682700021159,-46.14310101131387,general,favoured
A,236,MET,-63.72844548105942,-46.929999570771535,general,favoured
A,237,ILE,-65.59849279974243,-47.14174322659437,general,favoured
A,238,ALA,-55.23497829975418,-44.6653673747336,general,favoured
A,239,HIS,-57.23210766710348,-51.06701820398401,general,favoured
A,240,ILE,-77.62506057915647,-13.597748164303848,general,favoured
A,241,THR,-101.20915752717711,2.431960219114119,general,favoured
A,242,GLY,69.75424431279993,22.426903774354656,gly,allowed
A,243,LEU,-100.35953215277628,166.91766220754718,general,favoured
A,244,LYS,-94.81852291516763,150.8067486805659,prepro,favoured
A,245,PRO,-70.13540213474411,134.3819575028396,pro,favoured
A,246,GLY,-101.77132017495069,-108.72219998100769,gly,allowed
A,247,ASP,-112.45894257394403,148.608118396061,general,favoured
A,248,PHE,-106.88370700686117,123.04916621820355,general,favoured
A,249,ILE,-112.35424186160628,125.99740972563677,general,favoured
A,250,HIS,-117.30020344404528,107.75364974471964,general,favoured
A,251,THR,-97.25347385026328,127.24288007148863,general,favoured
A,252,LEU,-108.75993092963569,136.72957398135887,general,favoured
A,253,GLY,-78.03860839535974,-102.37326809940726,gly,allowed
A,254,ASP,-75.54704257730752,97.64540549637849,general,favoured
A,255,ALA,-93.1804604096649,119.62174574990922,general,favoured
A,256,HIS,-140.16034421644596,155.57438628119922,general,favoured
A,257,ILE,-117.23131421814696,120.660320786214,general,favoured
A,258,TYR,-61.0115052965677,141.63493477180268,general,favoured
A,259,LEU,-58.84642296837819,-34.42589614413459,general,favoured
A,260,ASN,-72.41094770003797,-8.353920950801113,general,favoured
A,261,HIS,-100.05463454677621,-4.8268030432742,general,favoured
A,262,ILE,-57.034969158478106,-52.690722339445806,general,favoured
A,263,GLU,-66.73516780375273,-46.09018323336257,prepro,favoured
A,264,PRO,-51.087561852752295,-43.872919019230935,pro,favoured
A,265,LEU,-72.9498556841832,-34.666270959533094,general,favoured
A,266,LYS,-59.52996936646494,-40.46885156929779,general,favoured
A,267,ILE,-62.790450526644996,-43.72592590236624,general,favoured
A,268,GLN,-58.76158926160268,-41.91535552813147,general,favoured
A,269,LEU,-66.39003890291885,-16.733407379031963,general,favoured
A,270,GLN,-82.43630817160654,-6.059714972642826,general,favoured
A,271,ARG,-96.65753220272012,127.89775932955804,general,favoured
A,272,GLU,-68.60888289415023,131.18887183959816,prepro,favoured
A,273,PRO,-54.90019553322666,136.81676915344613,pro,favoured
A,274,ARG,-94.63049302517483,162.25339049501108,prepro,favoured
A,275,PRO,-51.5836006380664,134.5029532650038,pro,favoured
A,276,PHE,-55.63246949746194,147.50612579879422,prepro,favoured
A,277,PRO,-70.09538564743309,172.56648310203323,pro,favoured
A,278,LYS,-101.23393139709528,147.925815172227,general,favoured
A,279,LEU,-107.72258680943091,125.74663135086877,general,favoured
A,280,ARG,-111.49471733672921,134.8037429869042,general,favoured
A,281,ILE,-93.13310041522654,112.6374972512431,general,favoured
A,282,LEU,-76.92514294407984,-34.213763897803204,general,favoured
A,283,ARG,-110.51412051441017,140.97353835401836,general,favoured
A,284,LYS,-70.92516541695338,111.64763907610046,general,favoured
A,285,VAL,-106.9485230627358,143.26259194150475,general,favoured
A,286,GLU,-104.53405154851768,-31.96348895367404,general,favoured
A,287,LYS,-116.027061991355,148.81492698219017,general,favoured
A,288,ILE,-62.62257186015894,-31.28099278686032,general,favoured
A,289,ASP,-76.29526908784635,-15.87440127651607,general,favoured
A,290,ASP,-84.7304431362998,-6.254326003274059,general,favoured
A,291,PHE,-69.48666264479736,139.64347562325412,general,favoured
A,292,LYS,-123.95406062805492,158.38207638758647,general,favoured
A,293,ALA,-57.263640899886404,-35.13433205783884,general,favoured
A,294,GLU,-67.94207386782058,-13.726263789496802,general,favoured
A,295,ASP,-76.58466427261465,-10.18592626549953,general,favoured
A,296,PHE,-113.89191777853326,122.42200574984972,general,favoured
A,297,GLN,-117.63272001144463,124.03414757300078,general,favoured
A,298,ILE,-90.98323779343553,120.54224252234104,general,favoured
A,299,GLU,-108.01181778508922,136.42553253108323,general,favoured
A,300,GLY,73.77320564388475,13.510910554801308,gly,allowed
A,301,TYR,-72.4428763177494,95.69573185081812,general,favoured
A,302,ASN,-113.96898958493793,67.08290899759186,prepro,allowed
A,303,PRO,-74.27169024722316,161.09409830420566,pro,favoured
A,304,HIS,-60.4284228963096,158.65029816129467,prepro,favoured
A,305,PRO,-54.65563472405638,153.55297739125646,pro,favoured
A,306,THR,-53.30622138803232,139.5701772612427,general,favoured
A,307,ILE,-107.6572243646117,118.37503889353911,general,favoured
A,308,LYS,-76.93620493760866,133.32631695472205,general,favoured
A,309,MET,-142.436026983915,128.43630605221264,general,favoured
A,310,GLU,-80.67043553977439,135.32544336477474,general,favoured
A,311,MET,-72.32668337661993,136.39572015564363,general,favoured
A,312,ALA,-85.52630270158032,122.40601935957481,general,favoured
