mutant,category,delta_vina_vs_wt_apo,delta_vina_vs_wt_holo,mis_docked_apo,mis_docked_holo,n_modes_apo,n_modes_holo,rmsd_to_native_apo,rmsd_to_native_holo,top_affinity_apo,top_affinity_holo
C195A,ala_scan,-0.3330000000000002,-2.2910000000000004,False,False,20,3,2.0915706123156,2.1516592295254093,-9.46,-10.605
C195A_H196A,double_dyad,0.0090000000000003,-1.843,False,False,20,3,2.1138616597976023,2.1256205493193563,-9.118,-10.157
C195S,opposite,-0.4249999999999989,-1.978,False,False,20,2,2.14121764374976,2.1697577396261267,-9.552,-10.292
C195S_H196N,double_polar_neutral,-0.209999999999999,-1.5280000000000005,False,False,20,4,2.076432030768098,2.072599377934349,-9.337,-9.842
H196A,ala_scan,0.2720000000000002,0.5030000000000001,False,False,19,4,2.311973321379429,2.1763053728118313,-8.855,-7.811
N226D,opposite,0.3500000000000014,0.4409999999999998,False,False,20,2,2.397877221341776,2.132076958676749,-8.777,-7.873
Q214A,ala_scan,0.4750000000000014,0.0570000000000003,False,False,19,2,2.356671062897535,2.1345096379300443,-8.652,-8.257
R175A,ala_scan,0.1100000000000012,0.0719999999999991,False,False,20,2,2.30231923905544,2.1304788142882147,-9.017,-8.242
R175E,opposite,0.0899999999999998,0.0289999999999999,False,False,20,2,2.3882010596750343,2.050338940545963,-9.037,-8.285
R175E_R176E,double_phosclamp,0.1070000000000011,0.0180000000000006,False,False,20,2,2.3081512695257436,2.1410654489950844,-9.02,-8.296
R176A,ala_scan,0.1070000000000011,0.0719999999999991,False,False,20,2,2.3081512695257436,2.1304788142882147,-9.02,-8.242
R176E,opposite,0.1070000000000011,0.0259999999999998,False,False,20,2,2.3081512695257436,2.154930091339748,-9.02,-8.288
R215A,ala_scan,0.5,0.4249999999999998,False,False,20,4,2.2464490849617618,2.184319522293845,-8.627,-7.889
R215A_N226A,double_substrate_orient,1.08,0.726,True,False,20,4,5.341881175634037,2.3084502395744604,-8.047,-7.588
R215E,opposite,0.5410000000000004,0.4519999999999999,False,False,19,4,2.42580130725254,2.1046988789004506,-8.586,-7.862
R50A,ala_scan,0.5090000000000003,0.7039999999999997,False,False,20,20,2.4166652516683764,2.0921804444876977,-8.618,-7.61
R50E,opposite,0.3450000000000006,0.91,False,True,20,20,2.3515245785550967,6.931539319125782,-8.782,-7.404
T170A,control_surface,0.1100000000000012,0.0289999999999999,False,False,20,3,2.30231923905544,2.177880620264947,-9.017,-8.285
W109A,ala_scan,0.2490000000000005,0.2309999999999998,False,False,19,3,2.461722395134089,2.167802189291247,-8.878,-8.083
Y258F_F225Y,double_aromatic_swap,0.2520000000000006,0.1969999999999991,False,False,20,2,2.4538071896960227,2.139591762363908,-8.875,-8.117
