chain,resid,SASA_alone,SASA_in_dimer,delta_SASA
A,26,175.79707796902534,181.31718852406982,-5.520110555044482
A,27,124.12331838777888,116.09522243046626,8.028095957312615
A,28,40.87467435278073,45.945070926568356,-5.070396573787626
A,29,16.214645329266567,15.591671536966953,0.6229737922996144
A,30,0.0,0.0,0.0
A,31,87.44144327164993,87.63802037674681,-0.1965771050968783
A,32,60.66886784371962,62.71848289868642,-2.0496150549668
A,33,0.14195712495918747,0.4454507539081026,-0.3034936289489152
A,34,7.222612879330007,12.857801936071365,-5.635189056741358
A,35,27.155112521525677,34.88079847877144,-7.725685957245762
A,36,13.273262526829361,14.141138040385334,-0.8678755135559726
A,37,0.4827685215072427,0.4610718458880356,0.021696675619207073
A,38,100.84062919922478,62.37054227032461,38.470086928900166
A,39,86.12338035651776,105.5515565679564,-19.42817621143864
A,40,0.0,0.0,0.0
A,41,42.639178024468805,32.460445985935515,10.17873203853329
A,42,216.86239266762408,206.47443992459262,10.387952743031462
A,44,33.48291839748396,34.30727941745694,-0.824361019972983
A,45,103.10226423517875,58.25741616855529,44.84484806662346
A,46,161.81391856994162,129.26271473857997,32.55120383136165
A,47,102.52590935692844,6.414680466091078,96.11122889083735
A,48,122.0947222422988,90.205011918171,31.889710324127805
A,49,36.99497185597723,14.808892157065545,22.186079698911684
A,50,186.2969989415967,141.67719548036777,44.61980346122894
A,51,19.672698829725512,19.100419255934096,0.5722795737914161
A,52,69.06921998070754,66.00390428371242,3.0653156969951283
A,53,38.08698417313768,39.13570919953591,-1.0487250263982304
A,54,6.918830473289578,4.619932681137382,2.2988977921521956
A,55,3.6985793644498015,2.071294944443233,1.6272844200065686
A,56,29.261869466288047,21.16698425234334,8.094885213944707
A,57,5.711767692562187,1.2581151233196683,4.453652569242519
A,58,25.371597807254158,19.757830219030843,5.613767588223315
A,59,165.34465869940445,8.607015010041268,156.73764368936318
A,60,43.674959163948785,2.9677286700605663,40.70723049388822
A,61,29.339761444152863,18.501867838152204,10.837893606000659
A,62,113.59165295428224,46.712280444367124,66.87937250991511
A,63,3.1611435615863894,4.336909992541256,-1.1757664309548663
A,64,130.165760185626,88.55977651111945,41.60598367450655
A,65,1.2024793086466437,1.090513913431517,0.11196539521512672
A,66,39.14806938848222,41.04434658206213,-1.8962771935799125
A,67,0.5876148815282797,0.6696354553540276,-0.0820205738257479
A,68,95.17113242643666,95.94586265770094,-0.7747302312642859
A,69,119.90998248121574,126.41155999323517,-6.501577512019438
A,70,50.33684387382555,52.965623761576545,-2.6287798877509942
A,71,0.0,0.0,0.0
A,72,0.3207952512018878,0.11312768140568716,0.20766756979620063
A,73,0.44145925719762397,0.04473037053593344,0.39672888666169054
A,74,0.5097852097743018,0.0,0.5097852097743018
A,75,0.004205839390340112,0.07638338213861488,-0.07217754274827477
A,76,0.0,0.0,0.0
A,77,15.571700051849707,14.487915610890623,1.083784440959084
A,78,122.88078349814523,122.12427404273382,0.7565094554114182
A,79,7.962902319776641,8.221919335893654,-0.25901701611701267
A,80,93.91647726512025,93.36011364230387,0.5563636228163773
A,81,36.6432879117347,37.765406960052836,-1.1221190483181331
A,82,105.98188713078876,104.51194479087985,1.4699423399089113
A,83,0.0,0.0,0.0
A,84,0.0,0.0,0.0
A,85,11.120750279454768,12.22838975776143,-1.1076394783066625
A,86,19.010706007858033,20.427721022569937,-1.4170150147119038
A,87,10.81519493324839,9.081819452550594,1.7333754806977968
A,88,0.5921232953803665,0.43728283117727745,0.154840464203089
A,89,18.99184765892214,21.916421566045674,-2.924573907123534
A,90,4.1824778203942055,4.914838667909533,-0.7323608475153272
A,91,4.581510060563166,8.321709204922161,-3.7401991443589955
A,92,5.944345421364138,5.781407815044917,0.16293760631922094
A,93,110.95285364346297,123.90142643898636,-12.94857279552339
A,94,17.880208060493008,11.58862187002147,6.291586190471538
A,95,9.940993558138299,13.291964747966386,-3.350971189828087
A,96,4.986044183139444,3.960034040112733,1.0260101430267108
A,97,15.411429594088865,14.809980726742571,0.6014488673462939
A,98,1.7380940109852345,2.487908062050303,-0.7498140510650686
A,99,114.64000429084999,102.14150688207425,12.498497408775734
A,100,64.46343372816142,78.63848462107526,-14.175050892913845
A,101,0.44049660363695853,1.603814156381622,-1.1633175527446635
A,102,17.341523511428093,33.57359040943924,-16.232066898011148
A,103,90.02580806909131,89.91614721965769,0.10966084943362375
A,104,92.84584273182236,102.08638665363483,-9.240543921812474
A,105,40.721396302216746,39.641205868807305,1.0801904334094417
A,106,0.16357443378900632,0.3326816801096226,-0.1691072463206163
A,107,125.40727864403961,150.83744013786634,-25.43016149382673
A,108,63.603733495323176,54.66153684380927,8.942196651513903
A,109,42.091213154968784,41.773434911429646,0.31777824353913786
A,110,46.800103573750356,44.10791297087138,2.6921906028789735
A,111,58.232351834308105,60.146525361121384,-1.9141735268132791
A,112,16.746108102201983,18.056689683696987,-1.3105815814950041
A,113,2.2447656695131286,0.7625652583543928,1.4822004111587357
A,114,43.03776030498462,36.34582622511684,6.691934079867785
A,115,83.99344522232917,78.59712258604507,5.396322636284097
A,116,115.26343039650877,116.8036335879661,-1.540203191457337
A,117,50.68096181353175,46.48218300623732,4.198778807294431
A,118,0.0,0.0,0.0
A,119,58.07802560778215,56.27455305957078,1.8034725482113743
A,120,82.59827573122273,85.2834149351431,-2.6851392039203716
A,121,83.08915753055527,79.12742528241213,3.961732248143136
A,122,61.739225779067596,62.16763396545674,-0.4284081863891416
A,123,25.359011214511703,27.56422123613313,-2.2052100216214257
A,124,78.2790781658517,76.5662364960477,1.712841669804007
A,125,137.0101751836354,142.32566738819412,-5.315492204558723
A,126,26.742919020354346,31.50736322418841,-4.7644442038340635
A,127,109.007573803521,117.73616740168194,-8.728593598160941
A,128,92.98931035686287,76.85218057367743,16.137129783185443
A,129,3.4425860813275486,2.059231663201558,1.3833544181259905
A,130,1.6200795513050685,1.9846142879749864,-0.36453473666991787
A,131,3.007427812228969,4.530510903272328,-1.5230830910433588
A,132,0.0,0.0,0.0
A,133,0.0,0.0,0.0
A,134,10.5043767978382,10.901011651698123,-0.3966348538599238
A,135,9.447775520344429,9.043449260325518,0.4043262600189106
A,136,0.0,0.41043084211890457,-0.41043084211890457
A,137,1.1431839470569716,0.47211652605791987,0.6710674209990517
A,138,0.0,0.10651011761893231,-0.10651011761893231
A,139,3.6145025448965735,3.1702880429400677,0.4442145019565058
A,140,25.69762729182533,23.31857124515963,2.379056046665699
A,141,31.95407441229381,27.12871773107169,4.825356681222122
A,142,54.62169828060077,1.2687790007115844,53.352919279889186
A,143,34.091060539137075,37.60553199641916,-3.5144714572820845
A,144,8.496450829553266,10.395376876632774,-1.8989260470795077
A,145,123.0915561960781,135.1295479207094,-12.037991724631297
A,146,24.85195585023462,19.826850727848484,5.025105122386137
A,147,128.29924511721887,128.10954288828026,0.18970222893861433
A,148,61.18322745470668,56.64305918576174,4.540168268944939
A,149,25.167196281736512,30.048005546619947,-4.880809264883435
A,150,129.44363915314418,129.4917059095905,-0.04806675644633174
A,151,24.534691465270782,25.769825445655,-1.2351339803842194
A,152,97.65843112112452,103.73535258073402,-6.076921459609494
A,153,18.345818271726568,13.546442571406267,4.799375700320301
A,154,86.11914571939644,85.89752271923291,0.22162300016353242
A,155,88.37816785148274,88.23002960666378,0.1481382448189663
A,156,59.74658195017429,61.459187884716584,-1.712605934542296
A,157,43.405448014886794,44.33668352448648,-0.9312355095996878
A,158,63.17855496324087,48.2067516923403,14.971803270900573
A,159,44.78023722905382,49.61513364640274,-4.834896417348922
A,160,18.718387429200533,5.310336646404895,13.408050782795637
A,161,0.13873956106067628,0.0,0.13873956106067628
A,162,59.0819271815779,57.65197842366862,1.4299487579092798
A,163,149.44519485734094,162.97986674538873,-13.534671888047797
A,164,6.420583178966931,5.232860615835732,1.1877225631311985
A,165,3.173449687399928,2.9647475433831127,0.20870214401681508
A,166,69.39429669457388,59.10991362073463,10.284383073839251
A,167,36.13838088104127,25.046504913788603,11.091875967252669
A,168,4.49128825610669,3.8677100121360373,0.6235782439706523
A,169,112.65620762012031,111.43452768732973,1.221679932790579
A,170,111.53230217929517,117.62332340811008,-6.09102122881491
A,171,77.42821282553493,66.72709762058354,10.701115204951392
A,172,50.543825771796264,48.52304543105156,2.0207803407447074
A,173,117.17038987507962,44.986097716365265,72.18429215871436
A,174,40.33051983535384,31.00505394886397,9.32546588648987
A,175,208.51628625698802,24.02493825322748,184.49134800376055
A,176,206.56369285051875,68.647564719351,137.91612813116774
A,177,4.859043976930187,3.4019815278425574,1.4570624490876298
A,178,73.73129926933503,11.30853902271527,62.42276024661976
A,179,0.7613916924152597,0.21416550814957158,0.5472261842656881
A,180,32.31329051414482,0.11180802464123499,32.20148248950358
A,181,0.9513726198783878,1.0936315590034489,-0.14225893912506105
A,182,77.66867270585695,3.41535608572565,74.2533166201313
A,183,8.183561036325163,0.11433996837975978,8.069221067945403
A,184,95.56899990984533,11.046696758326693,84.52230315151864
A,185,130.25177371688503,66.33555629158668,63.91621742529834
A,186,5.211738405034656,14.385748143788806,-9.174009738754151
A,187,43.56540855994223,44.81795696205762,-1.2525484021153943
A,188,100.18373030589406,94.25622241347729,5.92750789241677
A,189,70.08451558004941,66.50187544046824,3.582640139581173
A,190,7.468227063288867,8.823587891917688,-1.3553608286288208
A,191,5.110316868369475,5.389561479741952,-0.27924461137247736
A,192,38.60667811700203,30.356038708872752,8.250639408129281
A,193,44.16216267811318,11.85306638007705,32.309096298036124
A,194,2.431982164014409,1.4160898827560164,1.0158922812583924
A,195,34.315610685139845,33.055259481977956,1.260351203161889
A,196,13.581065884053995,10.255652282951086,3.325413601102909
A,197,14.090102772736794,0.0,14.090102772736794
A,198,59.811491993006044,3.065366490864303,56.74612550214174
A,199,1.6858676764759157,1.0739318062110361,0.6119358702648796
A,200,62.85765448554587,1.1440196523259325,61.71363483321994
A,201,1.8345666099355582,1.3978799176656902,0.436686692269868
A,202,126.59442994939693,10.296818383103476,116.29761156629345
A,203,12.867590827972636,6.3670382895146265,6.50055253845801
A,204,74.96472472601424,23.497730837257656,51.46699388875658
A,205,126.97745530927885,116.0358672350587,10.94158807422015
A,206,64.35750863716173,60.391426094425526,3.9660825427362028
A,207,32.823623567951316,44.494689960340615,-11.6710663923893
A,208,0.0,0.0,0.0
A,209,12.631760419723719,7.651172677702144,4.980587742021575
A,210,0.756832398108945,0.0,0.756832398108945
A,211,56.81626592723951,0.0,56.81626592723951
A,212,0.01964307390116222,0.0055672486010988195,0.014075825300063401
A,213,83.44300311067781,0.0,83.44300311067781
A,214,2.3305769844670463,2.3443710473845134,-0.013794062917467098
A,215,71.7442309633377,4.844710903193723,66.89952006014397
A,216,26.034716846141205,9.282914533951386,16.751802312189817
A,217,0.0,0.05479329450068401,-0.05479329450068401
A,218,26.03446142783228,25.84149075598428,0.19297067184799843
A,219,0.0,0.0,0.0
A,220,0.0,0.06023725577359027,-0.06023725577359027
A,221,55.48773034355043,59.347320916524154,-3.8595905729737225
A,222,23.248669176275044,21.409730479520903,1.8389386967541412
A,223,0.0,0.09943320287731024,-0.09943320287731024
A,224,1.525682224636053,1.457438059403253,0.06824416523280008
A,225,27.137365090823334,24.8806130222398,2.256752068583534
A,226,17.36274507938444,19.07091028841743,-1.708165209032991
A,227,0.0,0.2695975668710888,-0.2695975668710888
A,228,0.09201979410863992,0.0,0.09201979410863992
A,229,3.6037524180349365,4.1330443171413105,-0.529291899106374
A,230,6.263860650981407,7.955976400578968,-1.6921157495975612
A,231,0.0,0.0,0.0
A,232,0.0,0.0,0.0
A,233,0.8714743685080748,0.4926513061890472,0.3788230623190276
A,234,0.0,0.0,0.0
A,235,20.617576455185734,23.537582363397686,-2.9200059082119516
A,236,0.0,0.0,0.0
A,237,0.029776865545693396,0.0,0.029776865545693396
A,238,0.6820973120075124,0.5320537994668739,0.15004351254063852
A,239,55.13311475002373,46.51102129700955,8.62209345301418
A,240,14.837173872721083,12.32019996154703,2.5169739111740537
A,241,19.06214058019571,21.295558362892905,-2.2334177826971953
A,242,70.02060842713422,51.82707868739797,18.19352973973625
A,243,34.41591272355225,29.229801290974223,5.186111432578031
A,244,116.66875748902505,109.88369732214036,6.785060166884691
A,245,25.301349363851273,24.40070740576691,0.9006419580843641
A,246,0.0070783035321504185,0.0,0.0070783035321504185
A,247,15.257746646255864,16.71227963884429,-1.454532992588426
A,248,0.0,0.0,0.0
A,249,18.735657863167248,0.7416012999578168,17.99405656320943
A,250,0.29763040670329494,0.08659234265156128,0.21103806405173364
A,251,19.593782505486164,0.0,19.593782505486164
A,252,2.0737819358527183,0.04766623446423871,2.0261157013884796
A,253,1.2837667713194312,0.0,1.2837667713194312
A,254,25.240571937765615,2.1953035282630657,23.04526840950255
A,255,0.0,0.0,0.0
A,256,12.085252305614848,3.035287563029533,9.049964742585315
A,257,0.0,0.0,0.0
A,258,18.484281083785707,9.536257641939859,8.948023441845848
A,259,51.78295781739172,60.15073068532912,-8.367772867937404
A,260,61.06234974704348,65.84019943635128,-4.777849689307807
A,261,0.0,0.0675793178441543,-0.0675793178441543
A,262,35.597570408115324,32.74473382182539,2.852836586289932
A,263,115.83614449787751,109.33309750067438,6.503046997203128
A,264,27.77318711827876,21.23473155234119,6.538455565937568
A,265,0.9626209438826095,1.0673905901738387,-0.1047696462912292
A,266,107.71945242904349,98.60922563531221,9.110226793731272
A,267,94.29116218084465,94.03703846666593,0.2541237141787178
A,268,0.7564349054523568,0.7638334106186053,-0.007398505166248515
A,269,48.61265964271626,36.177244166973054,12.435415475743206
A,270,155.24633970424884,151.8721154322685,3.374224271980353
A,271,46.7267027950076,41.59703763747328,5.129665157534319
A,272,126.76885450589798,138.14797790153614,-11.37912339563816
A,273,16.968808518794475,22.207446241129155,-5.23863772233468
A,274,78.79421357033462,74.94578944742742,3.848424122907204
A,275,110.07961919340808,112.79389282880922,-2.714273635401142
A,276,19.674092869801495,16.550899401373126,3.1231934684283686
A,277,1.7485969822202272,0.9675230235057476,0.7810739587144796
A,278,77.49031649908,87.04971918084784,-9.55940268176785
A,279,11.74347152592599,11.968492279743241,-0.22502075381725106
A,280,100.55659507373485,107.12171221385614,-6.565117140121288
A,281,41.22472208806167,38.885600785498305,2.3391213025633633
A,282,95.09981916701996,105.4141967730375,-10.314377606017544
A,283,107.55389547196673,98.70628240805263,8.847613063914096
A,284,167.67750704193972,138.0481597170575,29.629347324882218
A,285,3.5824289367630477,0.6479118655898237,2.9345170711732242
A,286,105.18421083627072,116.07242406487657,-10.88821322860585
A,287,124.16002276360699,118.4387093129759,5.7213134506310865
A,288,2.1059055375181313,2.141448279180136,-0.03554274166200466
A,289,81.48624010866567,72.66485925087511,8.821380857790558
A,290,50.25139157405219,47.56342311234965,2.687968461702539
A,291,7.634760483748447,12.027508122710005,-4.392747638961558
A,292,103.73132291110022,114.8633068669843,-11.131983955884081
A,293,30.71677953558646,24.69877291665789,6.01800661892857
A,294,126.2526980089651,139.9046113349054,-13.651913325940313
A,295,8.044463394385533,10.642478849160645,-2.598015454775112
A,296,15.225150800746418,15.173340546439519,0.051810254306898784
A,297,88.81833307709012,78.664078904631,10.154254172459119
A,298,32.280061408634054,36.79502114034807,-4.514959731714015
A,299,64.5666579249397,59.69928228789221,4.867375637047495
A,300,67.64570330024506,64.81035787912462,2.8353454211204365
A,301,40.384239514171355,43.85576517993693,-3.4715256657655758
A,302,92.3522042782484,91.7003118302847,0.6518924479636894
A,303,12.238980802303852,9.11654320047656,3.1224376018272917
A,304,27.27330569985657,27.220681691750073,0.052624008106498366
A,305,90.736615690949,91.9388091687403,-1.2021934777913117
A,306,85.2867437224414,63.52291748739226,21.763826235049137
A,307,24.404312747882678,14.843252682140843,9.561060065741835
A,308,187.78117922190745,149.60461799768277,38.176561224224685
A,309,12.517899899367944,12.320903734802426,0.19699616456551716
A,310,128.26701689791744,119.41740747060689,8.849609427310554
A,311,107.20374338702041,107.27258908868853,-0.06884570166812409
A,312,13.059454527605954,19.12702782445344,-6.067573296847485
A,313,145.214083090661,149.2077804876105,-3.9936973969495
B,26,181.31718852406982,181.31718852406982,0.0
B,27,116.09522243046626,116.09522243046626,0.0
B,28,45.945070926568356,45.945070926568356,0.0
B,29,15.591671536966953,15.591671536966953,0.0
B,30,0.0,0.0,0.0
B,31,87.63802037674681,87.63802037674681,0.0
B,32,62.71848289868642,62.71848289868642,0.0
B,33,0.4454507539081026,0.4454507539081026,0.0
B,34,12.857801936071365,12.857801936071365,0.0
B,35,34.88079847877144,34.88079847877144,0.0
B,36,14.141138040385334,14.141138040385334,0.0
B,37,0.4610718458880356,0.4610718458880356,0.0
B,38,62.37054227032461,62.37054227032461,0.0
B,39,105.5515565679564,105.5515565679564,0.0
B,40,0.0,0.0,0.0
B,41,32.460445985935515,32.460445985935515,0.0
B,42,206.47443992459262,206.47443992459262,0.0
B,44,34.30727941745694,34.30727941745694,0.0
B,45,114.7630630334669,58.25741616855529,56.50564686491162
B,46,132.091795879814,129.26271473857997,2.8290811412340133
B,47,105.34242972547555,6.414680466091078,98.92774925938447
B,48,118.4692152182785,90.205011918171,28.26420330010751
B,49,40.221901786863825,14.808892157065545,25.41300962979828
B,50,183.59298601585078,141.67719548036777,41.91579053548301
B,51,19.100419255934096,19.100419255934096,0.0
B,52,66.00390428371242,66.00390428371242,0.0
B,53,39.13570919953591,39.13570919953591,0.0
B,54,4.619932681137382,4.619932681137382,0.0
B,55,4.546569337201709,2.071294944443233,2.475274392758476
B,56,21.16698425234334,21.16698425234334,0.0
B,57,10.511886520211496,1.2581151233196683,9.253771396891828
B,58,27.287366651257287,19.757830219030843,7.529536432226443
B,59,163.35065153638763,8.607015010041268,154.74363652634636
B,60,44.897333896186375,2.9677286700605663,41.92960522612581
B,61,27.984347340256907,18.501867838152204,9.482479502104702
B,62,111.38331919194393,46.712280444367124,64.6710387475768
B,63,4.336909992541256,4.336909992541256,0.0
B,64,134.56571068357002,88.55977651111945,46.005934172450566
B,65,1.090513913431517,1.090513913431517,0.0
B,66,41.04434658206213,41.04434658206213,0.0
B,67,0.6696354553540276,0.6696354553540276,0.0
B,68,95.94586265770094,95.94586265770094,0.0
B,69,126.41155999323517,126.41155999323517,0.0
B,70,52.965623761576545,52.965623761576545,0.0
B,71,0.0,0.0,0.0
B,72,0.11312768140568716,0.11312768140568716,0.0
B,73,0.04473037053593344,0.04473037053593344,0.0
B,74,0.0,0.0,0.0
B,75,0.07638338213861488,0.07638338213861488,0.0
B,76,0.0,0.0,0.0
B,77,14.487915610890623,14.487915610890623,0.0
B,78,122.12427404273382,122.12427404273382,0.0
B,79,8.221919335893654,8.221919335893654,0.0
B,80,93.36011364230387,93.36011364230387,0.0
B,81,37.765406960052836,37.765406960052836,0.0
B,82,104.51194479087985,104.51194479087985,0.0
B,83,0.0,0.0,0.0
B,84,0.0,0.0,0.0
B,85,12.22838975776143,12.22838975776143,0.0
B,86,20.427721022569937,20.427721022569937,0.0
B,87,9.081819452550594,9.081819452550594,0.0
B,88,0.43728283117727745,0.43728283117727745,0.0
B,89,21.916421566045674,21.916421566045674,0.0
B,90,4.914838667909533,4.914838667909533,0.0
B,91,8.321709204922161,8.321709204922161,0.0
B,92,5.781407815044917,5.781407815044917,0.0
B,93,123.90142643898636,123.90142643898636,0.0
B,94,11.58862187002147,11.58862187002147,0.0
B,95,13.291964747966386,13.291964747966386,0.0
B,96,3.960034040112733,3.960034040112733,0.0
B,97,14.809980726742571,14.809980726742571,0.0
B,98,2.487908062050303,2.487908062050303,0.0
B,99,102.14150688207425,102.14150688207425,0.0
B,100,78.63848462107526,78.63848462107526,0.0
B,101,1.603814156381622,1.603814156381622,0.0
B,102,33.57359040943924,33.57359040943924,0.0
B,103,89.91614721965769,89.91614721965769,0.0
B,104,102.08638665363483,102.08638665363483,0.0
B,105,39.641205868807305,39.641205868807305,0.0
B,106,0.3326816801096226,0.3326816801096226,0.0
B,107,150.83744013786634,150.83744013786634,0.0
B,108,54.66153684380927,54.66153684380927,0.0
B,109,41.773434911429646,41.773434911429646,0.0
B,110,44.10791297087138,44.10791297087138,0.0
B,111,60.146525361121384,60.146525361121384,0.0
B,112,18.056689683696987,18.056689683696987,0.0
B,113,0.7625652583543928,0.7625652583543928,0.0
B,114,36.34582622511684,36.34582622511684,0.0
B,115,78.59712258604507,78.59712258604507,0.0
B,116,116.8036335879661,116.8036335879661,0.0
B,117,46.48218300623732,46.48218300623732,0.0
B,118,0.0,0.0,0.0
B,119,56.27455305957078,56.27455305957078,0.0
B,120,85.2834149351431,85.2834149351431,0.0
B,121,79.12742528241213,79.12742528241213,0.0
B,122,62.16763396545674,62.16763396545674,0.0
B,123,27.56422123613313,27.56422123613313,0.0
B,124,76.5662364960477,76.5662364960477,0.0
B,125,142.32566738819412,142.32566738819412,0.0
B,126,31.50736322418841,31.50736322418841,0.0
B,127,117.73616740168194,117.73616740168194,0.0
B,128,76.85218057367743,76.85218057367743,0.0
B,129,2.059231663201558,2.059231663201558,0.0
B,130,1.9846142879749864,1.9846142879749864,0.0
B,131,4.530510903272328,4.530510903272328,0.0
B,132,0.0,0.0,0.0
B,133,0.0,0.0,0.0
B,134,10.901011651698123,10.901011651698123,0.0
B,135,9.043449260325518,9.043449260325518,0.0
B,136,0.41043084211890457,0.41043084211890457,0.0
B,137,0.47211652605791987,0.47211652605791987,0.0
B,138,0.10651011761893231,0.10651011761893231,0.0
B,139,3.1702880429400677,3.1702880429400677,0.0
B,140,23.31857124515963,23.31857124515963,0.0
B,141,27.12871773107169,27.12871773107169,0.0
B,142,39.83139564689612,1.2687790007115844,38.56261664618454
B,143,45.591162161512045,37.60553199641916,7.985630165092886
B,144,10.395376876632774,10.395376876632774,0.0
B,145,135.1295479207094,135.1295479207094,0.0
B,146,19.826850727848484,19.826850727848484,0.0
B,147,128.10954288828026,128.10954288828026,0.0
B,148,56.64305918576174,56.64305918576174,0.0
B,149,30.048005546619947,30.048005546619947,0.0
B,150,129.4917059095905,129.4917059095905,0.0
B,151,25.769825445655,25.769825445655,0.0
B,152,103.73535258073402,103.73535258073402,0.0
B,153,13.546442571406267,13.546442571406267,0.0
B,154,85.89752271923291,85.89752271923291,0.0
B,155,88.23002960666378,88.23002960666378,0.0
B,156,61.459187884716584,61.459187884716584,0.0
B,157,44.33668352448648,44.33668352448648,0.0
B,158,81.93218195709147,48.2067516923403,33.725430264751175
B,159,49.61513364640274,49.61513364640274,0.0
B,160,18.380257516004228,5.310336646404895,13.069920869599333
B,161,0.0,0.0,0.0
B,162,57.65197842366862,57.65197842366862,0.0
B,163,162.97986674538873,162.97986674538873,0.0
B,164,5.232860615835732,5.232860615835732,0.0
B,165,2.9647475433831127,2.9647475433831127,0.0
B,166,59.10991362073463,59.10991362073463,0.0
B,167,25.046504913788603,25.046504913788603,0.0
B,168,3.8677100121360373,3.8677100121360373,0.0
B,169,111.43452768732973,111.43452768732973,0.0
B,170,117.62332340811008,117.62332340811008,0.0
B,171,67.7594089696049,66.72709762058354,1.03231134902137
B,172,49.18148031199058,48.52304543105156,0.6584348809390264
B,173,117.74231547772592,44.986097716365265,72.75621776136066
B,174,32.34479259200179,31.00505394886397,1.3397386431378173
B,175,209.15955981246057,24.02493825322748,185.1346215592331
B,176,201.94845279347163,68.647564719351,133.30088807412062
B,177,3.4019815278425574,3.4019815278425574,0.0
B,178,73.10575544751761,11.30853902271527,61.79721642480234
B,179,0.21416550814957158,0.21416550814957158,0.0
B,180,33.34888718617087,0.11180802464123499,33.237079161529635
B,181,1.0936315590034489,1.0936315590034489,0.0
B,182,78.13046991281055,3.41535608572565,74.7151138270849
B,183,0.11433996837975978,0.11433996837975978,0.0
B,184,90.6543317094299,11.046696758326693,79.60763495110321
B,185,160.3260298356019,66.33555629158668,93.99047354401522
B,186,14.385748143788806,14.385748143788806,0.0
B,187,44.81795696205762,44.81795696205762,0.0
B,188,94.25622241347729,94.25622241347729,0.0
B,189,66.50187544046824,66.50187544046824,0.0
B,190,8.823587891917688,8.823587891917688,0.0
B,191,5.414627637212538,5.389561479741952,0.025066157470585715
B,192,35.98189368386126,30.356038708872752,5.625854974988506
B,193,41.64055395859042,11.85306638007705,29.787487578513364
B,194,1.4160898827560164,1.4160898827560164,0.0
B,195,33.055259481977956,33.055259481977956,0.0
B,196,10.255652282951086,10.255652282951086,0.0
B,197,14.672138973398921,0.0,14.672138973398921
B,198,57.784601210797284,3.065366490864303,54.719234719932984
B,199,1.0739318062110361,1.0739318062110361,0.0
B,200,62.22119268388496,1.1440196523259325,61.07717303155903
B,201,1.4652060677941754,1.3978799176656902,0.0673261501284852
B,202,121.5317976139645,10.296818383103476,111.23497923086103
B,203,11.985221165765196,6.3670382895146265,5.61818287625057
B,204,72.18596213159238,23.497730837257656,48.68823129433472
B,205,134.61279651341286,116.0358672350587,18.576929278354157
B,206,60.391426094425526,60.391426094425526,0.0
B,207,44.494689960340615,44.494689960340615,0.0
B,208,0.0,0.0,0.0
B,209,12.22062394045282,7.651172677702144,4.569451262750675
B,210,0.9781051412875879,0.0,0.9781051412875879
B,211,57.2888042417663,0.0,57.2888042417663
B,212,0.0055672486010988195,0.0055672486010988195,0.0
B,213,84.2514797386201,0.0,84.2514797386201
B,214,2.3443710473845134,2.3443710473845134,0.0
B,215,71.83250613931537,4.844710903193723,66.98779523612164
B,216,23.388329582460265,9.282914533951386,14.10541504850888
B,217,0.05479329450068401,0.05479329450068401,0.0
B,218,25.84149075598428,25.84149075598428,0.0
B,219,0.0,0.0,0.0
B,220,0.06023725577359027,0.06023725577359027,0.0
B,221,59.347320916524154,59.347320916524154,0.0
B,222,21.409730479520903,21.409730479520903,0.0
B,223,0.09943320287731024,0.09943320287731024,0.0
B,224,1.457438059403253,1.457438059403253,0.0
B,225,24.8806130222398,24.8806130222398,0.0
B,226,19.07091028841743,19.07091028841743,0.0
B,227,0.2695975668710888,0.2695975668710888,0.0
B,228,0.0,0.0,0.0
B,229,4.1330443171413105,4.1330443171413105,0.0
B,230,7.955976400578968,7.955976400578968,0.0
B,231,0.0,0.0,0.0
B,232,0.0,0.0,0.0
B,233,0.4926513061890472,0.4926513061890472,0.0
B,234,0.0,0.0,0.0
B,235,23.537582363397686,23.537582363397686,0.0
B,236,0.0,0.0,0.0
B,237,0.0,0.0,0.0
B,238,0.5320537994668739,0.5320537994668739,0.0
B,239,46.51102129700955,46.51102129700955,0.0
B,240,12.32019996154703,12.32019996154703,0.0
B,241,21.295558362892905,21.295558362892905,0.0
B,242,51.82707868739797,51.82707868739797,0.0
B,243,29.229801290974223,29.229801290974223,0.0
B,244,109.88369732214036,109.88369732214036,0.0
B,245,24.40070740576691,24.40070740576691,0.0
B,246,0.0,0.0,0.0
B,247,16.71227963884429,16.71227963884429,0.0
B,248,0.0,0.0,0.0
B,249,18.38594090720825,0.7416012999578168,17.644339607250433
B,250,0.08659234265156128,0.08659234265156128,0.0
B,251,20.92127259655185,0.0,20.92127259655185
B,252,2.1560651512345688,0.04766623446423871,2.10839891677033
B,253,1.072397135692322,0.0,1.072397135692322
B,254,27.68792170173672,2.1953035282630657,25.492618173473655
B,255,0.0,0.0,0.0
B,256,13.574233885089685,3.035287563029533,10.538946322060152
B,257,0.0,0.0,0.0
B,258,17.704243608429167,9.536257641939859,8.167985966489308
B,259,60.15073068532912,60.15073068532912,0.0
B,260,65.84019943635128,65.84019943635128,0.0
B,261,0.0675793178441543,0.0675793178441543,0.0
B,262,32.74473382182539,32.74473382182539,0.0
B,263,109.33309750067438,109.33309750067438,0.0
B,264,21.23473155234119,21.23473155234119,0.0
B,265,1.0673905901738387,1.0673905901738387,0.0
B,266,98.60922563531221,98.60922563531221,0.0
B,267,94.03703846666593,94.03703846666593,0.0
B,268,0.7638334106186053,0.7638334106186053,0.0
B,269,36.177244166973054,36.177244166973054,0.0
B,270,151.8721154322685,151.8721154322685,0.0
B,271,41.59703763747328,41.59703763747328,0.0
B,272,138.14797790153614,138.14797790153614,0.0
B,273,22.207446241129155,22.207446241129155,0.0
B,274,74.94578944742742,74.94578944742742,0.0
B,275,112.79389282880922,112.79389282880922,0.0
B,276,16.550899401373126,16.550899401373126,0.0
B,277,0.9675230235057476,0.9675230235057476,0.0
B,278,87.04971918084784,87.04971918084784,0.0
B,279,11.968492279743241,11.968492279743241,0.0
B,280,107.12171221385614,107.12171221385614,0.0
B,281,38.885600785498305,38.885600785498305,0.0
B,282,105.4141967730375,105.4141967730375,0.0
B,283,98.70628240805263,98.70628240805263,0.0
B,284,138.0481597170575,138.0481597170575,0.0
B,285,0.6479118655898237,0.6479118655898237,0.0
B,286,116.07242406487657,116.07242406487657,0.0
B,287,118.4387093129759,118.4387093129759,0.0
B,288,2.141448279180136,2.141448279180136,0.0
B,289,72.66485925087511,72.66485925087511,0.0
B,290,47.56342311234965,47.56342311234965,0.0
B,291,12.027508122710005,12.027508122710005,0.0
B,292,114.8633068669843,114.8633068669843,0.0
B,293,24.69877291665789,24.69877291665789,0.0
B,294,139.9046113349054,139.9046113349054,0.0
B,295,10.642478849160645,10.642478849160645,0.0
B,296,15.173340546439519,15.173340546439519,0.0
B,297,78.664078904631,78.664078904631,0.0
B,298,36.79502114034807,36.79502114034807,0.0
B,299,59.69928228789221,59.69928228789221,0.0
B,300,64.81035787912462,64.81035787912462,0.0
B,301,43.85576517993693,43.85576517993693,0.0
B,302,91.7003118302847,91.7003118302847,0.0
B,303,9.11654320047656,9.11654320047656,0.0
B,304,27.220681691750073,27.220681691750073,0.0
B,305,91.9388091687403,91.9388091687403,0.0
B,306,63.52291748739226,63.52291748739226,0.0
B,307,14.843252682140843,14.843252682140843,0.0
B,308,149.60461799768277,149.60461799768277,0.0
B,309,12.320903734802426,12.320903734802426,0.0
B,310,119.41740747060689,119.41740747060689,0.0
B,311,107.27258908868853,107.27258908868853,0.0
B,312,19.12702782445344,19.12702782445344,0.0
B,313,149.2077804876105,149.2077804876105,0.0
