residue_position,sasa_A2
26,175.797
27,124.123
28,40.875
29,16.215
30,0.0
31,87.441
32,60.669
33,0.142
34,7.223
35,27.155
36,13.273
37,0.483
38,100.841
39,70.393
40,0.0
41,42.639
42,190.577
43,55.19
44,16.677
45,50.404
46,150.155
47,7.32
48,95.388
49,12.893
50,140.384
51,19.366
52,69.069
53,38.087
54,6.919
55,1.541
56,29.262
57,1.11
58,16.084
59,7.615
60,3.206
61,19.459
62,49.582
63,3.161
64,86.782
65,1.202
66,39.148
67,0.588
68,95.171
69,119.91
70,50.337
71,0.0
72,0.321
73,0.441
74,0.51
75,0.004
76,0.0
77,15.572
78,122.881
79,7.963
80,93.916
81,36.643
82,105.982
83,0.0
84,0.0
85,11.121
86,19.011
87,10.815
88,0.592
89,18.992
90,4.182
91,4.582
92,5.944
93,110.953
94,17.88
95,9.941
96,4.986
97,15.411
98,1.738
99,114.64
100,64.463
101,0.44
102,17.342
103,90.026
104,92.846
105,40.721
106,0.164
107,125.407
108,63.604
109,42.091
110,46.8
111,58.232
112,16.746
113,2.245
114,43.038
115,83.993
116,115.263
117,50.681
118,0.0
119,58.078
120,82.598
121,83.089
122,61.739
123,25.359
124,78.279
125,137.01
126,26.743
127,109.008
128,92.989
129,3.443
130,1.62
131,3.007
132,0.0
133,0.0
134,10.504
135,9.448
136,0.0
137,1.143
138,0.0
139,3.615
140,25.698
141,31.954
142,0.784
143,15.311
144,8.496
145,123.092
146,24.852
147,128.299
148,61.183
149,25.167
150,129.444
151,24.535
152,97.658
153,18.346
154,86.119
155,88.378
156,59.747
157,43.405
158,31.945
159,44.78
160,6.64
161,0.139
162,59.082
163,149.445
164,6.421
165,3.173
166,69.394
167,36.138
168,4.491
169,112.656
170,111.532
171,77.428
172,49.412
173,42.928
174,38.909
175,22.407
176,72.544
177,4.859
178,11.505
179,0.761
180,0.0
181,0.951
182,2.476
183,0.0
184,9.42
185,87.767
186,5.212
187,43.565
188,100.184
189,70.085
190,7.468
191,4.232
192,32.217
193,12.262
194,2.432
195,34.316
196,13.581
197,0.0
198,3.304
199,1.686
200,1.534
201,1.792
202,12.07
203,7.356
204,26.439
205,102.929
206,64.358
207,32.824
208,0.0
209,8.377
210,0.0
211,0.0
212,0.02
213,0.0
214,2.331
215,5.022
216,9.663
217,0.0
218,26.034
219,0.0
220,0.0
221,55.488
222,23.249
223,0.0
224,1.526
225,27.137
226,17.363
227,0.0
228,0.092
229,3.604
230,6.264
231,0.0
232,0.0
233,0.871
234,0.0
235,20.618
236,0.0
237,0.03
238,0.682
239,55.133
240,14.837
241,19.062
242,70.021
243,34.416
244,116.669
245,25.301
246,0.007
247,15.258
248,0.0
249,0.585
250,0.298
251,0.0
252,0.14
253,0.0
254,1.596
255,0.0
256,2.615
257,0.0
258,9.472
259,51.783
260,61.062
261,0.0
262,35.598
263,115.836
264,27.773
265,0.963
266,107.719
267,94.291
268,0.756
269,48.613
270,155.246
271,46.727
272,126.769
273,16.969
274,78.794
275,110.08
276,19.674
277,1.749
278,77.49
279,11.743
280,100.557
281,41.225
282,95.1
283,107.554
284,167.678
285,3.582
286,105.184
287,124.16
288,2.106
289,81.486
290,50.251
291,7.635
292,103.731
293,30.717
294,126.253
295,8.044
296,15.225
297,88.818
298,32.28
299,64.567
300,67.646
301,40.384
302,92.352
303,12.239
304,27.273
305,90.737
306,85.287
307,24.404
308,187.781
309,12.518
310,128.267
311,107.204
312,13.059
313,145.214
