residue_position,sasa_A2,wt_sasa_A2,dsasa_A2
26,176.518,175.797,0.72
27,124.453,124.123,0.33
28,40.324,40.875,-0.55
29,16.646,16.215,0.432
30,0.0,0.0,0.0
31,89.167,87.441,1.726
32,60.133,60.669,-0.536
33,0.137,0.142,-0.005
34,6.777,7.223,-0.445
35,26.545,27.155,-0.61
36,13.468,13.273,0.195
37,0.488,0.483,0.005
38,100.955,100.841,0.114
39,69.451,70.393,-0.941
40,0.0,0.0,0.0
41,41.012,42.639,-1.628
42,192.684,190.577,2.108
43,58.174,55.19,2.984
44,16.693,16.677,0.016
45,51.296,50.404,0.892
46,148.499,150.155,-1.656
47,7.541,7.32,0.221
48,94.932,95.388,-0.456
49,13.012,12.893,0.119
50,139.307,140.384,-1.078
51,19.667,19.366,0.301
52,68.266,69.069,-0.803
53,38.709,38.087,0.622
54,7.266,6.919,0.347
55,1.311,1.541,-0.23
56,29.252,29.262,-0.01
57,0.679,1.11,-0.431
58,16.133,16.084,0.049
59,7.472,7.615,-0.143
60,2.578,3.206,-0.628
61,19.779,19.459,0.32
62,48.976,49.582,-0.605
63,3.987,3.161,0.826
64,87.391,86.782,0.61
65,1.125,1.202,-0.078
66,38.079,39.148,-1.069
67,0.523,0.588,-0.065
68,93.097,95.171,-2.075
69,123.287,119.91,3.377
70,50.223,50.337,-0.114
71,0.0,0.0,0.0
72,0.0,0.321,-0.321
73,0.259,0.441,-0.183
74,0.158,0.51,-0.352
75,0.009,0.004,0.004
76,0.0,0.0,0.0
77,15.596,15.572,0.025
78,123.256,122.881,0.375
79,8.217,7.963,0.254
80,94.348,93.916,0.431
81,36.749,36.643,0.105
82,105.346,105.982,-0.636
83,0.0,0.0,0.0
84,0.0,0.0,0.0
85,11.056,11.121,-0.065
86,18.741,19.011,-0.27
87,10.673,10.815,-0.142
88,0.582,0.592,-0.011
89,18.189,18.992,-0.803
90,4.224,4.182,0.042
91,3.774,4.582,-0.807
92,6.17,5.944,0.226
93,111.039,110.953,0.086
94,17.277,17.88,-0.604
95,9.51,9.941,-0.431
96,4.21,4.986,-0.776
97,16.31,15.411,0.899
98,1.884,1.738,0.146
99,114.523,114.64,-0.117
100,64.242,64.463,-0.221
101,0.551,0.44,0.11
102,17.803,17.342,0.461
103,90.026,90.026,-0.0
104,93.517,92.846,0.671
105,42.484,40.721,1.763
106,0.314,0.164,0.15
107,125.777,125.407,0.37
108,64.466,63.604,0.862
109,42.11,42.091,0.018
110,47.213,46.8,0.412
111,58.237,58.232,0.005
112,17.175,16.746,0.429
113,1.409,2.245,-0.835
114,42.084,43.038,-0.953
115,83.902,83.993,-0.091
116,115.599,115.263,0.336
117,48.139,50.681,-2.542
118,0.0,0.0,0.0
119,58.515,58.078,0.437
120,83.363,82.598,0.765
121,83.906,83.089,0.817
122,64.42,61.739,2.681
123,25.296,25.359,-0.063
124,77.552,78.279,-0.727
125,137.518,137.01,0.508
126,26.944,26.743,0.201
127,112.711,109.008,3.704
128,93.275,92.989,0.286
129,3.914,3.443,0.472
130,1.72,1.62,0.1
131,2.833,3.007,-0.175
132,0.0,0.0,0.0
133,0.0,0.0,0.0
134,10.103,10.504,-0.401
135,9.395,9.448,-0.053
136,0.0,0.0,0.0
137,0.942,1.143,-0.201
138,0.0,0.0,0.0
139,3.575,3.615,-0.039
140,25.615,25.698,-0.082
141,31.319,31.954,-0.635
142,0.685,0.784,-0.099
143,15.627,15.311,0.317
144,8.542,8.496,0.045
145,123.464,123.092,0.373
146,23.582,24.852,-1.27
147,129.504,128.299,1.204
148,61.779,61.183,0.596
149,23.235,25.167,-1.933
150,130.535,129.444,1.092
151,24.249,24.535,-0.286
152,99.874,97.658,2.216
153,17.263,18.346,-1.083
154,84.791,86.119,-1.328
155,89.683,88.378,1.305
156,61.05,59.747,1.304
157,42.464,43.405,-0.942
158,32.645,31.945,0.7
159,45.064,44.78,0.284
160,6.734,6.64,0.094
161,0.084,0.139,-0.055
162,58.28,59.082,-0.802
163,149.683,149.445,0.238
164,6.026,6.421,-0.394
165,3.222,3.173,0.049
166,69.424,69.394,0.03
167,35.503,36.138,-0.635
168,4.212,4.491,-0.279
169,113.165,112.656,0.508
170,112.603,111.532,1.07
171,78.585,77.428,1.157
172,48.085,49.412,-1.327
173,42.5,42.928,-0.428
174,39.576,38.909,0.666
175,22.165,22.407,-0.242
176,71.544,72.544,-1.0
177,4.888,4.859,0.029
178,11.9,11.505,0.394
179,0.875,0.761,0.114
180,0.006,0.0,0.006
181,1.133,0.951,0.182
182,2.216,2.476,-0.26
183,0.0,0.0,0.0
184,9.257,9.42,-0.163
185,88.055,87.767,0.288
186,5.706,5.212,0.495
187,43.352,43.565,-0.213
188,100.06,100.184,-0.123
189,70.688,70.085,0.604
190,7.673,7.468,0.205
191,4.506,4.232,0.274
192,34.528,32.217,2.312
193,14.904,12.262,2.642
194,2.563,2.432,0.131
195,38.011,34.316,3.696
196,13.007,13.581,-0.574
197,0.0,0.0,0.0
198,2.986,3.304,-0.318
199,1.112,1.686,-0.574
200,1.535,1.534,0.001
201,1.82,1.792,0.028
202,12.358,12.07,0.288
203,7.243,7.356,-0.113
204,27.092,26.439,0.654
205,103.952,102.929,1.024
206,65.035,64.358,0.678
207,32.725,32.824,-0.099
208,0.0,0.0,0.0
209,8.414,8.377,0.037
210,0.0,0.0,0.0
211,0.0,0.0,0.0
212,0.0,0.02,-0.02
213,0.0,0.0,0.0
214,2.39,2.331,0.059
215,3.248,5.022,-1.774
216,17.067,9.663,7.404
217,0.0,0.0,0.0
218,26.256,26.034,0.222
219,0.0,0.0,0.0
220,0.0,0.0,0.0
221,55.331,55.488,-0.156
222,22.633,23.249,-0.616
223,0.0,0.0,0.0
224,1.237,1.526,-0.288
225,25.716,27.137,-1.421
226,16.6,17.363,-0.763
227,0.0,0.0,0.0
228,0.027,0.092,-0.065
229,3.066,3.604,-0.538
230,5.608,6.264,-0.656
231,0.0,0.0,0.0
232,0.0,0.0,0.0
233,0.775,0.871,-0.097
234,0.0,0.0,0.0
235,20.009,20.618,-0.608
236,0.0,0.0,0.0
237,0.047,0.03,0.017
238,0.729,0.682,0.047
239,54.265,55.133,-0.868
240,15.071,14.837,0.234
241,18.744,19.062,-0.318
242,71.404,70.021,1.383
243,35.22,34.416,0.804
244,116.979,116.669,0.31
245,25.037,25.301,-0.264
246,0.052,0.007,0.045
247,15.2,15.258,-0.058
248,0.0,0.0,0.0
249,0.548,0.585,-0.038
250,0.447,0.298,0.149
251,0.0,0.0,0.0
252,0.347,0.14,0.207
253,0.0,0.0,0.0
254,1.603,1.596,0.007
255,0.0,0.0,0.0
256,2.783,2.615,0.168
257,0.0,0.0,0.0
258,9.367,9.472,-0.105
259,49.862,51.783,-1.921
260,62.294,61.062,1.232
261,0.0,0.0,0.0
262,34.723,35.598,-0.875
263,119.328,115.836,3.492
264,26.765,27.773,-1.008
265,0.953,0.963,-0.01
266,106.463,107.719,-1.257
267,94.139,94.291,-0.152
268,0.761,0.756,0.005
269,47.159,48.613,-1.454
270,155.782,155.246,0.535
271,46.571,46.727,-0.156
272,129.374,126.769,2.605
273,13.631,16.969,-3.338
274,79.441,78.794,0.647
275,110.422,110.08,0.342
276,19.467,19.674,-0.207
277,1.529,1.749,-0.22
278,77.505,77.49,0.014
279,11.288,11.743,-0.456
280,101.057,100.557,0.5
281,41.493,41.225,0.268
282,97.378,95.1,2.278
283,107.617,107.554,0.063
284,167.28,167.678,-0.398
285,3.233,3.582,-0.35
286,102.775,105.184,-2.41
287,126.299,124.16,2.139
288,1.311,2.106,-0.795
289,80.663,81.486,-0.823
290,52.906,50.251,2.655
291,7.286,7.635,-0.349
292,102.764,103.731,-0.967
293,30.78,30.717,0.063
294,129.177,126.253,2.925
295,9.016,8.044,0.972
296,14.391,15.225,-0.834
297,89.438,88.818,0.62
298,30.926,32.28,-1.354
299,66.58,64.567,2.014
300,67.595,67.646,-0.051
301,39.907,40.384,-0.477
302,93.264,92.352,0.912
303,12.346,12.239,0.107
304,27.033,27.273,-0.241
305,91.119,90.737,0.382
306,85.5,85.287,0.213
307,25.113,24.404,0.709
308,187.938,187.781,0.157
309,13.197,12.518,0.679
310,127.785,128.267,-0.482
311,103.468,107.204,-3.736
312,11.768,13.059,-1.291
313,154.862,145.214,9.648
